change_region_h_rel_l2,change_region_hu_rel_l2,change_region_hv_rel_l2,change_region_c_rel_l2,change_region_ice_rel_l2,change_region_dz_rel_l2,change_region_momentum_rel_l2,newly_wet_iou,newly_wet_precision,newly_wet_recall,front_zone_h_rel_l2,front_zone_momentum_rel_l2,front_zone_wet_iou,method,scenario_id
0.8022433415832705,0.5501303117390279,0.6620351555809946,0.44789403604056677,0.6567876836067564,0.9674957832143052,0.6091043099966342,0.008813971276580854,0.008846873471114814,0.7032584417290764,0.9474652190096193,0.9522262298561278,0.5753343574729302,FrozenGlobal,JILONG_EI_0009
0.8018834694740863,0.5420612473033399,0.5293723366241737,0.44592401909121504,0.6645004019463956,0.9690468022715261,0.5354342586795394,0.009446767971849677,0.009477952916866945,0.7416774751405102,0.9425433650652951,0.9505037243457831,0.6049987455302209,FrozenGlobal,JILONG_EI_0019
0.8003802150296607,0.5427893418270993,0.6035797428389665,0.4735122989466186,0.6674346736016302,0.9684653039773531,0.5751318037408467,0.00848260239626459,0.008513267013782343,0.701935914552737,0.9456017494518016,0.9448559728108163,0.5971409667448065,FrozenGlobal,JILONG_EI_0029
0.802134198312757,0.5432503599991004,0.5119148955457495,0.4882268599565907,0.6746239496997244,0.9673195073244646,0.5270245302081243,0.008915091907155724,0.008943886411661394,0.7346864009378663,0.9421803664765495,0.9412011673237198,0.6359549353129123,FrozenGlobal,JILONG_EI_0039
0.8091115017410052,0.5669829356437057,0.6003061497997162,0.4744819090142925,0.6961493880342086,0.9638914278247707,0.5843495577124268,0.008608552200360584,0.008651013348206496,0.6368788966559608,0.9487051073839355,0.9461457598852107,0.580717671381555,FrozenGlobal,JILONG_EI_0049
0.802377091400228,0.5366215352178447,0.5651132619904842,0.4639761808418066,0.6561109170902404,0.9659211683211828,0.551699138320177,0.009318380414722317,0.009352749690212912,0.7171759453048695,0.945349733128861,0.9435564631674895,0.5991852411197106,FrozenGlobal,JILONG_EI_0059
0.8083136138827857,0.5645000644805501,0.5763242738031166,0.4766204447848681,1.0730952520080987,0.9725484249415156,0.5705796040891604,0.00874216611929175,0.008782812998875579,0.6538560909443224,0.949595424820844,0.9515242581490367,0.5752821727594108,FrozenGlobal,JILONG_EI_0069
0.8048957301278932,0.5393986717804916,0.5227347497895254,0.472412456824638,0.7469341269436799,0.9665444269961331,0.5306476163407499,0.009552347448605806,0.009588764931867806,0.715516632530546,0.9459630306704323,0.9414994142808505,0.5911123118462718,FrozenGlobal,JILONG_EI_0079
0.8076544903656772,0.5601004516449162,0.6313475327853139,0.4607893042641677,0.6693032288268164,0.9643084902467409,0.5970652936172636,0.008476353047494728,0.008513453547944652,0.6604493960067597,0.947763996111553,0.9524424390596384,0.5817253977419119,FrozenGlobal,JILONG_EI_0089
0.8048251808147314,0.53976421979629,0.5801393336568373,0.46353761108384595,0.673176793269643,0.9653084945587805,0.5612337847638483,0.009312661712504508,0.009348156774592513,0.7103656445084723,0.9464672047128545,0.9375112949539558,0.6148541833962098,FrozenGlobal,JILONG_EI_0099
0.806410912432322,0.5400717349559011,0.4991394638925353,0.43698742510358907,0.68755729176531,0.9659175047524869,0.5188817505445789,0.00982020383216727,0.009855013434288223,0.735464907878701,0.9433486501488652,0.9502228311585531,0.5940200020736881,FrozenGlobal,JILONG_EI_0109
0.8005812413304574,0.5309086672190559,0.49500772750519173,0.4624994521992562,0.6868426714417012,0.9632243769012793,0.5118004216962028,0.00919858393671421,0.00922615626503841,0.7547816385081287,0.9329913000921968,0.9512308412930262,0.6393368430109502,FrozenGlobal,JILONG_EI_0119
0.8023409037289521,0.5525656762074002,0.6204665588614142,0.47825118638062414,0.6894360375451825,0.9720126865649852,0.5884928162631882,0.008067656317534875,0.008099199449506338,0.674426040800665,0.945627535207563,0.9556156536690656,0.5854766660562968,FrozenGlobal,JILONG_EI_0129
0.796890219386443,0.5319141169828197,0.5512110768168842,0.4806074840803016,0.6530902886092441,0.9687081741604383,0.5421385497301706,0.008932108142931142,0.00896313321784345,0.7207080640629391,0.9425815763447943,0.9444713378177347,0.6157843748814256,FrozenGlobal,JILONG_EI_0139
0.7944949695964446,0.5400840810324171,0.6247461457135779,0.452808340356319,0.6529455054766792,0.9737694802311639,0.5852618535557875,0.00868338047136933,0.008712258912698136,0.7237313844456702,0.9439569341942422,0.9571328560970157,0.5837800390658168,FrozenGlobal,JILONG_EI_0149
0.8039074215121133,0.5391705331430792,0.5286701990438973,0.46231795056246905,0.638498692698305,0.9672169431655615,0.5335971320149508,0.009454298101980174,0.009485361256623684,0.742728147435423,0.9436349899593757,0.9391220950191566,0.6179977352414286,FrozenGlobal,JILONG_EI_0159
0.800789016849913,0.5496129000353476,0.5621070289135169,0.4326780613277143,0.6427937376150078,0.9663386225498829,0.5560882858389599,0.008989554420831833,0.009021928380841565,0.7147092513981538,0.9484967802374158,0.9634388763689931,0.5820945705661001,FrozenGlobal,JILONG_EI_0169
0.8087183620368427,0.5410303147353562,0.5411189494248946,0.45080889562295007,0.6450707469418522,0.9649846818449416,0.5410761208886141,0.009549316551961007,0.009587201989796639,0.7073052060888302,0.9470844919775774,0.941620113488121,0.5857026327477908,FrozenGlobal,JILONG_EI_0179
0.7961921678611631,0.5281901974327823,0.5032122105134661,0.43440200217533315,0.6222074238381672,0.9646105226750354,0.5149157672050194,0.009435997336028705,0.009466477028412662,0.7455898771864533,0.9361973905992771,0.9534720923686993,0.619900231411568,FrozenGlobal,JILONG_EI_0189
0.8018385017151535,0.5372876587819271,0.5140292269854868,0.46995899137711494,0.7342171728787035,0.9729520373505319,0.52491337491718,0.009154761087814114,0.009182845789211273,0.74958238420653,0.9406730555151677,0.9396105064583322,0.6105012831383244,FrozenGlobal,JILONG_EI_0199
0.9973856916017493,0.9999733728349237,0.9999597897972237,1.0,1.0,1.0,0.9999665271553699,0.0010803434354921249,0.007969798657718121,0.0012481934042832743,0.9350296051776347,0.9952835522443543,0.7225489760728221,Persistence,JILONG_EI_0009
0.9970744102616159,0.9999697327356704,0.9999554360792693,1.0,1.0,1.0,0.9999622238567265,0.0009349872218413015,0.006880733944954129,0.00108084738434933,0.9297896960706208,0.9947464633773244,0.7440307935701735,Persistence,JILONG_EI_0019
0.996908949157125,0.9999682922707223,0.9999482643971966,1.0,1.0,1.0,0.9999579012665286,0.0017526006331976482,0.011317999269806499,0.0020694259012016022,0.9346624455547108,0.9953158359678369,0.7281132046879726,Persistence,JILONG_EI_0029
0.9965919128364675,0.9999636336139092,0.999945290449974,1.0,1.0,1.0,0.9999539993621682,0.0016955310645512898,0.009675190048375951,0.0020515826494724504,0.9297941894478857,0.9948306811994605,0.7453578032453121,Persistence,JILONG_EI_0039
0.997096295215389,0.9999720617711364,0.9999516114015703,1.0,1.0,1.0,0.9999615496632697,0.0014596961669459912,0.010207939508506616,0.0017003589646703192,0.9337186740529145,0.9955932869391522,0.7082764642381713,Persistence,JILONG_EI_0049
0.9970300472671195,0.9999677355938387,0.9999524818450212,1.0,1.0,1.0,0.999959761738392,0.001321083288296403,0.009397693293464331,0.0015348123343100321,0.9312795078108123,0.9948972792904249,0.7397941965076619,Persistence,JILONG_EI_0059
0.9970472082775149,0.9999707116785883,0.9999500880965386,1.0,1.0,1.0,0.9999601612995851,0.0016707087038534088,0.009987113402061855,0.0020023252809714506,0.9336292318479362,0.9954119816956097,0.7156004353415479,Persistence,JILONG_EI_0069
0.9968540389570988,0.9999659300154293,0.999950001477419,1.0,1.0,1.0,0.9999575028602994,0.0019206530220274892,0.012628255722178374,0.0022600466134614027,0.9302845629545448,0.9948187856930044,0.7410958727157154,Persistence,JILONG_EI_0079
0.9971678433985895,0.9999723888908739,0.9999516889073301,1.0,1.0,1.0,0.9999619582731419,0.001412275936990766,0.01057340382269215,0.0016273393002441008,0.9354761744546202,0.9956036679917989,0.71133890824199,Persistence,JILONG_EI_0089
0.9969005411352665,0.9999671975390925,0.999948652229799,1.0,1.0,1.0,0.9999575025449169,0.0014997000599880025,0.011803588290840416,0.0017150305275433902,0.9342928976842099,0.9951176919346139,0.738688530827969,Persistence,JILONG_EI_0099
0.9971971005745195,0.9999712931150498,0.9999573480347511,1.0,1.0,1.0,0.9999639368486176,0.000951655881233346,0.008205689277899343,0.0010753459029321098,0.930202873471759,0.9948251699958175,0.7422281029235663,Persistence,JILONG_EI_0109
0.9967164060938621,0.9999636450943727,0.9999513869633121,1.0,1.0,1.0,0.9999570139386937,0.001085481682496608,0.007246376811594203,0.001275103602167676,0.9202429369696418,0.9943946582122583,0.756247396103797,Persistence,JILONG_EI_0119
0.9969976318436012,0.9999705927118073,0.9999490119492509,1.0,1.0,1.0,0.9999594853811641,0.0018054265965129475,0.009249471458773785,0.0022382810001918526,0.9338980820614574,0.9954890430134811,0.7144963175242786,Persistence,JILONG_EI_0129
0.9969043129564156,0.9999668245524473,0.9999507862046958,1.0,1.0,1.0,0.9999583978972721,0.001942776404097492,0.011857707509881422,0.0023180668727170554,0.9293921785966043,0.9947549736023052,0.7389282146837938,Persistence,JILONG_EI_0139
0.9973199397917195,0.9999717097214366,0.9999602799712471,1.0,1.0,1.0,0.9999658172849594,0.0010625737898465172,0.007334963325183374,0.0012410369553226695,0.9316985219650495,0.9949506799818416,0.728168079730074,Persistence,JILONG_EI_0149
0.9967433387057323,0.9999656392974676,0.999949340925473,1.0,1.0,1.0,0.9999569485136024,0.00139099645928174,0.009454232917920068,0.0016283028643327658,0.9307063001526826,0.9950929967328187,0.748445432221852,Persistence,JILONG_EI_0159
0.9974416208830063,0.9999740428784746,0.9999601445838792,1.0,1.0,1.0,0.9999668787708359,0.0009012256669069935,0.00825082508250825,0.001010713563776026,0.9373704651673065,0.9953586588720845,0.7297569045319158,Persistence,JILONG_EI_0169
0.9971410304017909,0.9999700087979686,0.9999551836426439,1.0,1.0,1.0,0.9999623475308991,0.001221971039286369,0.01,0.0013901438798915688,0.9327614950542081,0.9952080039512697,0.7353465793309788,Persistence,JILONG_EI_0179
0.9973132259332198,0.9999702829580951,0.999962031979021,1.0,1.0,1.0,0.9999658482667323,0.0007841599686336013,0.006382978723404255,0.000893189430591738,0.9235807478493203,0.994296531769234,0.7464404151086832,Persistence,JILONG_EI_0189
0.996682137016786,0.9999642209342527,0.9999500501283607,1.0,1.0,1.0,0.9999566035502173,0.0015816047204817811,0.007890743550834597,0.0019741837509491267,0.9267298729956808,0.9948713563950253,0.746578036357372,Persistence,JILONG_EI_0199
0.7590592790860402,0.5254537656983208,0.5821988373378033,0.46453909762806717,0.5987505758378097,0.8051820030844362,0.5547786060333694,0.043207379898926764,0.04404336038846111,0.69478386545789,0.9027582043701415,0.8872445724756122,0.7459082284492996,RandomPerfect_B05,JILONG_EI_0009
0.7579308857989681,0.5130228991145774,0.4938140615654024,0.48295558073109757,0.7119783788868156,0.8297069363329543,0.5030254789691043,0.10740039521193499,0.11143194504079004,0.7480184464620262,0.8112305860847164,0.730966013055699,0.7702674859093571,RandomPerfect_B05,JILONG_EI_0019
0.792650399164331,0.5333451644501466,0.5285109953126783,0.49206251223353453,0.6637988452065344,0.85838446510718,0.5308425493302982,0.045549952533988275,0.04646452082907631,0.69826435246996,0.8605849826524753,0.8535498954664872,0.7566981523973697,RandomPerfect_B05,JILONG_EI_0029
0.7479307387422479,0.5006145881241646,0.476575214729929,0.5050755639403378,0.721051944100462,0.7693527904490302,0.48813613099827263,0.07256354040948661,0.07441666300478973,0.7445046893317703,0.8841786965126427,0.8674976448176837,0.7627242408040885,RandomPerfect_B05,JILONG_EI_0039
0.7471824180103913,0.5355473590178886,0.5463711439948699,0.4902944790880305,0.7045063193649824,0.8641232083057305,0.5411381805614117,0.04976009126597993,0.051106964745499035,0.6537565337867624,0.9056845059862961,0.8761185845576894,0.7163125957089328,RandomPerfect_B05,JILONG_EI_0049
0.7790000431828753,0.5286115882234887,0.48157238268796543,0.49508000324166,0.6873153443471957,0.835286160897012,0.5045692072425297,0.05902401328689073,0.060453028557928,0.7140365564392354,0.8394670769547556,0.7910722075253733,0.7768194459206019,RandomPerfect_B05,JILONG_EI_0059
0.7551497453391778,0.5301405043900603,0.5069739132278845,0.4912842197671861,1.0879850884666482,0.827130216626334,0.5184184944819185,0.04483268276045022,0.04576441662941439,0.6877018473065496,0.8520952774821187,0.8159466333944252,0.7369538615835733,RandomPerfect_B05,JILONG_EI_0069
0.803055042917884,0.5362571102740563,0.481087637820491,0.5034846945791401,0.7431170484484003,0.8261190544206802,0.5078162542792483,0.05482215188835501,0.05608840817193958,0.7083127339501377,0.8441544223655187,0.8385859018611134,0.7769339475064089,RandomPerfect_B05,JILONG_EI_0079
0.7217044958711611,0.5232684736257877,0.5548893217173309,0.4801227660280421,0.688758833919627,0.8459474384173356,0.5394338738149148,0.05034765391168209,0.0515445935689469,0.6843587657257307,0.9158395792128671,0.8965099591458854,0.7268722750256882,RandomPerfect_B05,JILONG_EI_0089
0.7312963401920071,0.5243670631176436,0.47974338766674696,0.4855401663999568,0.7030230640965649,0.8658349418590477,0.5015343999446555,0.0531997705670272,0.05436608661520345,0.7126294848048296,0.9085409428025777,0.8755359633988491,0.7582933721354272,RandomPerfect_B05,JILONG_EI_0099
0.7990009808743959,0.5280704761813642,0.47526762361004793,0.4852153847759334,0.7020175770621928,0.8826857784821547,0.500910126124892,0.06146812597614759,0.06285105914314035,0.7363968743279088,0.8676756870097897,0.8635179567867068,0.7695068524611951,RandomPerfect_B05,JILONG_EI_0109
0.8141108288691099,0.525117619694508,0.4402247806282313,0.49873935780321865,0.6952023542668582,0.8037770140885667,0.48105756592747284,0.0777491617668497,0.0796508637140534,0.7650621613006057,0.8713866471157957,0.8523529026228714,0.7627830777582547,RandomPerfect_B05,JILONG_EI_0119
0.7385197590861853,0.5310811662761074,0.5865975837606563,0.4897954338274804,0.6601144255538415,0.7377707874455416,0.5603422461302575,0.0832641683762156,0.08665889773532935,0.6800537187440046,0.8781026009495613,0.876354644061985,0.7433806587266398,RandomPerfect_B05,JILONG_EI_0129
0.7859424058271329,0.5319340328957282,0.5052114152155114,0.5110513949287666,0.6837914127130243,0.8730486543653638,0.5180656201624568,0.045558890258499025,0.04639496436579298,0.7165636414723237,0.8715708886390013,0.8654742169409049,0.7584719716095868,RandomPerfect_B05,JILONG_EI_0139
0.7798402607333773,0.5198749623689808,0.49072456598178904,0.4629736560005808,0.5929631818691208,0.7697776736811247,0.5050570206018812,0.032630333446169425,0.033040464899812584,0.7244208494208494,0.8908392507519671,0.858563921414605,0.7535771507773867,RandomPerfect_B05,JILONG_EI_0149
0.7997209168929541,0.5193913668876089,0.47735838632247213,0.4926500998678086,0.7044945935654374,0.8889715239271406,0.49742024661702305,0.06165390691457042,0.06294040293767368,0.751017689290208,0.897232810383479,0.8833927437346362,0.7651985633949995,RandomPerfect_B05,JILONG_EI_0159
0.787385990128572,0.5522999683951877,0.5315490970354202,0.46846588370970804,0.6878156476841056,0.9333606719707846,0.5417028260994313,0.04977742754082059,0.050784839203675346,0.7150461559194125,0.8332745175399092,0.852743751564775,0.7745792541791456,RandomPerfect_B05,JILONG_EI_0169
0.8083108541910884,0.5238110061977229,0.4948559973057323,0.47692344430641653,0.6342339211364029,0.8629084758669071,0.50905341315574,0.052220003072668615,0.05336508268787942,0.7087648571627163,0.8341869134174483,0.7629963952651355,0.7566425496640645,RandomPerfect_B05,JILONG_EI_0179
0.7712077734772197,0.5244459179040514,0.4741474684944029,0.4705520587875173,0.6640399538001246,0.87281305011772,0.49804353104688615,0.05400942768116328,0.05497424776362158,0.7547450688500186,0.7723558320485778,0.8295705483304929,0.8086390991722324,RandomPerfect_B05,JILONG_EI_0189
0.74782766560714,0.5182005345582749,0.46599660328559167,0.4821404452069838,0.74912070134728,0.8096606639919239,0.49082932342380226,0.04136991869918699,0.04187945203224598,0.7727410782080486,0.8372476975270731,0.8206217869265552,0.784530608970456,RandomPerfect_B05,JILONG_EI_0199
0.7054905633298403,0.4964768111445471,0.5280623911856432,0.46132504159561877,0.6834507467975645,0.703408956768581,0.5126389037483752,0.13500497964020525,0.1431493115893597,0.7035212192878728,0.8727272397821324,0.8652582244290605,0.7601623075718187,RandomPerfect_B10,JILONG_EI_0009
0.7142810469107426,0.49248419378887676,0.48300582281858706,0.4856040202504546,0.7506635396468033,0.781820850138469,0.4875289304779301,0.1615737083267499,0.17146785606492504,0.7368496901570831,0.801900434698543,0.8455531336622888,0.8095122551760578,RandomPerfect_B10,JILONG_EI_0019
0.7159501698015324,0.5103339533996987,0.46654750579183135,0.47704693186351615,0.64079912333145,0.787745441480774,0.48810678922802503,0.10317386707228848,0.10700063484734806,0.7425901201602136,0.7172473448401228,0.6999171785617722,0.8193182700001569,RandomPerfect_B10,JILONG_EI_0029
0.7055926346510217,0.47727241368290835,0.4716666817603556,0.5051558588968884,0.6730974674710408,0.6947055671730031,0.47433640157618934,0.16662036961388257,0.17657754381104107,0.7471424384525205,0.6873485799560297,0.7820838652382059,0.8467048276681761,RandomPerfect_B10,JILONG_EI_0039
0.7341546352396418,0.5259515806305813,0.5048201903665323,0.4976259626315259,0.6863441766894832,0.7730717218804347,0.5151976204759358,0.11171355285383605,0.11807231571175103,0.674727627684363,0.8190495728502357,0.8424736777697356,0.7842818575484523,RandomPerfect_B10,JILONG_EI_0049
0.732316792683177,0.508000365466357,0.45540883678953414,0.4919818883006161,0.7048442397776695,0.7805840833114565,0.4812256791534259,0.09304153640017865,0.09641587677725119,0.7266638760987861,0.7415198911694416,0.7458158629192223,0.8280676219494199,RandomPerfect_B10,JILONG_EI_0059
0.7092042755747937,0.4986591330444094,0.4659608316178712,0.4938593333356794,1.0306616929237085,0.6946177402958088,0.4822087091770612,0.10244366490278851,0.10794612091469145,0.6677431856349308,0.7898139459009814,0.8263774718743923,0.8010378690272212,RandomPerfect_B10,JILONG_EI_0069
0.7938657460579487,0.5202988493930598,0.4534080967324195,0.5119867960230177,0.6646122878477517,0.7469271413337012,0.486057631405118,0.06469661443795204,0.06622852970124139,0.7366339430750759,0.7324029506050103,0.7904675337542698,0.8282433692791222,RandomPerfect_B10,JILONG_EI_0079
0.7365905785681308,0.5129607544631155,0.528854044182884,0.47394310890615315,0.6791187639061748,0.800609874565379,0.5210299446075571,0.1297235992891217,0.13757656920368028,0.6944357513926269,0.8032867943388305,0.760194043910901,0.7558701314028695,RandomPerfect_B10,JILONG_EI_0089
0.6970053377852595,0.48143582368097093,0.41907177953895836,0.4853688756280183,0.6428075013412109,0.681295562448072,0.4499130326991645,0.14731590609409623,0.1552067370350744,0.7434314330795088,0.7588212152804726,0.7355004071642366,0.822609419849732,RandomPerfect_B10,JILONG_EI_0099
0.7500022215268617,0.5103894253478991,0.46313774720073786,0.4947247659631269,0.678267738335854,0.7690869401817052,0.48603609645815976,0.10759982466759899,0.11184760086353725,0.7391210839486702,0.7492935341947825,0.7846708372563559,0.8339343708800304,RandomPerfect_B10,JILONG_EI_0109
0.7210968231642874,0.4947688621812652,0.42085345048773615,0.4859167805180892,0.666939520042999,0.7318472608443903,0.45627264263855083,0.12134540750323415,0.12551933321438585,0.7849059611093402,0.8233373117488123,0.8089831607807997,0.8178377441082999,RandomPerfect_B10,JILONG_EI_0119
0.7612190487846987,0.5261940180577924,0.5441039060343427,0.4905366813768763,0.6792637310114901,0.7399600541856578,0.5354868641311407,0.1288959323824617,0.13695449732749934,0.6865767090874209,0.8316101858212944,0.785644908208985,0.7710734888004422,RandomPerfect_B10,JILONG_EI_0129
0.7222034150766125,0.4839524817750384,0.4520687060239623,0.5026875839768556,0.6116561229005819,0.625300223330721,0.4674716737037724,0.13158649589065013,0.1379251745143664,0.7411491992132622,0.8292465491870762,0.81733516096273,0.7855362298229733,RandomPerfect_B10,JILONG_EI_0139
0.6642631112652196,0.46667176126196086,0.4969248080830389,0.46817592469298974,0.6629208296535316,0.6290977769992528,0.48250524674580525,0.12574914256553885,0.1318648497293261,0.7305570876999449,0.7907976125487505,0.7922805029280435,0.7765765136185894,RandomPerfect_B10,JILONG_EI_0149
0.714510583803597,0.49828438930910524,0.45694189537786684,0.48993037160621905,0.7303165986840489,0.8330702899823239,0.47668566839275234,0.13102077733474313,0.13663597837205904,0.7612315890755681,0.8349912149657337,0.8527170545763558,0.7948627534417284,RandomPerfect_B10,JILONG_EI_0159
0.772888341515851,0.5378105813804478,0.5134077346657417,0.47231864610246155,0.6696750397920249,0.832594446615093,0.5253732530780375,0.14406667197494494,0.15211086045762165,0.7314870965568357,0.7917841561966046,0.8284654226227454,0.8152126663192508,RandomPerfect_B10,JILONG_EI_0169
0.7782925872125611,0.4905944660356358,0.4514777862042264,0.4964439674482999,0.58181512923244,0.7266371302099146,0.4707858619484397,0.16919771236550454,0.18061879139072848,0.72794884270522,0.7783444526296666,0.7845479063813754,0.7977750885986906,RandomPerfect_B10,JILONG_EI_0179
0.7071253448765367,0.5105874158619652,0.441380384709799,0.4821315192969995,0.612658536294354,0.7499110770539255,0.47464626569889207,0.11881999453701174,0.12386564817451376,0.7446966877558615,0.8272554540143936,0.8360371785960982,0.784299800984693,RandomPerfect_B10,JILONG_EI_0189
0.7704893426544759,0.5318107740501447,0.44418587446476004,0.4976521082247128,0.7029839710982148,0.6807509218856009,0.4866736163826079,0.08424856808932138,0.08640138731861574,0.7717539863325741,0.7344863827321894,0.7438402081874074,0.8286514124510829,RandomPerfect_B10,JILONG_EI_0199
0.6916190678545387,0.4322283398447165,0.4747475394346509,0.4685547114106597,0.658686156595815,0.6110567114980219,0.4541553877824192,0.32214219656419024,0.3597133558643134,0.7551570095913809,0.6200828961619771,0.6077609548360632,0.864850783621315,RandomPerfect_B20,JILONG_EI_0009
0.6864706554742719,0.4483612190234118,0.4203396974376862,0.4744870150691721,0.640657394375253,0.6047088636153068,0.4338694318048062,0.301618033467017,0.3286420348381653,0.7857760484219628,0.7315601407818056,0.7068796585000539,0.8506352535411228,RandomPerfect_B20,JILONG_EI_0019
0.709416329990548,0.4539561285090359,0.43793113575895243,0.4820824011707249,0.6709932163327154,0.6285768425164497,0.44571381048851394,0.22068857344521997,0.2380710659898477,0.7514018691588785,0.6372629578849657,0.6434477820541853,0.8507803898533469,RandomPerfect_B20,JILONG_EI_0029
0.7037069220316755,0.4939060766248617,0.4179275374907467,0.49262517098109726,0.66238254431068,0.6630475681868683,0.4555828316568029,0.2538915855670596,0.2737232863293032,0.777989449003517,0.6810998836300775,0.6434215878472778,0.860167037098865,RandomPerfect_B20,JILONG_EI_0039
0.6241764639422428,0.45538836495530677,0.45164948498662216,0.46374489599322066,0.5772336776341858,0.5654719205131574,0.4534703085123901,0.268140589569161,0.2952854217649703,0.7446942502676491,0.5709385025905027,0.5758337853487439,0.8662671616354416,RandomPerfect_B20,JILONG_EI_0049
0.6901848390482799,0.4917386041553558,0.4487468472852425,0.49069415791308224,0.6930479080374033,0.7435819826510585,0.4697557600311265,0.23976883273973523,0.2609904176724453,0.7467559648388447,0.5470094189960624,0.5747018146011679,0.8807348760680868,RandomPerfect_B20,JILONG_EI_0059
0.7133405580284473,0.4616846774021,0.4381323822106306,0.49354816134332985,0.6832127572395087,0.5112235962966349,0.449790101766137,0.20204039429241055,0.21603095632946379,0.7572665030357835,0.7353638078161555,0.7405636798508379,0.8289414400210326,RandomPerfect_B20,JILONG_EI_0069
0.7084047414142258,0.4546941827434865,0.431327037306306,0.49861833493501995,0.6444657174904227,0.5621630972698841,0.4424852649373281,0.21671402173697074,0.23168426195382033,0.770322762906985,0.6514711718910356,0.6011167068771314,0.8697488631353337,RandomPerfect_B20,JILONG_EI_0079
0.7477083525500192,0.5046932614014011,0.5566486487058202,0.46834108130477287,0.5964131349231638,0.6630126722879598,0.5315086304848529,0.2330271888655122,0.25612576155111844,0.720973899981223,0.7164746013325684,0.7370442075167765,0.8182990083356255,RandomPerfect_B20,JILONG_EI_0089
0.6694706985721834,0.4716110861848524,0.3910285779595752,0.48311665845225504,0.6289460139604608,0.6900398429171459,0.43136638734771915,0.2521224178213699,0.27556825364718973,0.7476847087878165,0.636840919095448,0.6347546050994448,0.8640641201741682,RandomPerfect_B20,JILONG_EI_0099
0.6810934982355601,0.5029749389008256,0.4276762649780919,0.48330426181814184,0.669317235052924,0.6845731242524414,0.4647762534050417,0.27756229743371763,0.30602501391289066,0.7490142662556456,0.7552444802167207,0.7604503829690523,0.8492814219822963,RandomPerfect_B20,JILONG_EI_0109
0.6872095121100499,0.4702108128060247,0.4038873125609821,0.49582407131421263,0.6363847811796466,0.6185638328155174,0.43558802340289127,0.20793243981345322,0.22019042534258765,0.7888109658909787,0.5671666316475062,0.6428234975267754,0.9080826474108555,RandomPerfect_B20,JILONG_EI_0119
0.6276300073682438,0.45904071729600665,0.4600283414349529,0.47060881021282464,0.633370125967215,0.5100138534500673,0.4595493020151639,0.21023796347537355,0.2280768461076646,0.728848244548187,0.6201834181652782,0.5943293086999007,0.8405880492777081,RandomPerfect_B20,JILONG_EI_0129
0.6793543756440508,0.48623822939179145,0.4392915929520976,0.4951951070950072,0.6581517448635275,0.5811523170225836,0.4621670035631912,0.20078702735585424,0.21586380265282348,0.7419218881708345,0.6998887495540919,0.7342923837012245,0.8379099143212967,RandomPerfect_B20,JILONG_EI_0139
0.6390513532619871,0.45160919555269313,0.45547490009226277,0.45745920350064306,0.7079223764396534,0.5980400033962855,0.45360622119389965,0.28137447688196443,0.3072708752030394,0.7695118587975731,0.5782539332130172,0.5828190041831821,0.8911748969402027,RandomPerfect_B20,JILONG_EI_0149
0.6990400106606768,0.45506248315289727,0.39497017823463315,0.48756249540833374,0.6421216340211788,0.6321685807833267,0.4240803429856611,0.3127933923584289,0.3432110839445803,0.7792169343497891,0.5725553486797205,0.52000875607193,0.8706278754829525,RandomPerfect_B20,JILONG_EI_0159
0.6452356304656,0.4155684421144242,0.48262428432266724,0.45405821176443084,0.6469681520552937,0.6983894658538055,0.4513793445153629,0.1986862265114559,0.21197204268750938,0.7601913617680749,0.6273891053376266,0.630719094332156,0.8601918644042839,RandomPerfect_B20,JILONG_EI_0169
0.6395451333888297,0.4039700902552707,0.42427314437184427,0.46808699927231934,0.5948503792027294,0.5923633990752524,0.4145863984862961,0.3083941605839416,0.34095847042026195,0.7635365260304442,0.6103739590845012,0.602038949187811,0.8591786863005982,RandomPerfect_B20,JILONG_EI_0179
0.6759996001004343,0.4743229528447313,0.4477125409633771,0.4807780840039293,0.609143924089466,0.590806627469499,0.46021179910462173,0.30197448269737426,0.33394441352669657,0.7592854484555266,0.6415019409538006,0.5841391739484643,0.8705109759397965,RandomPerfect_B20,JILONG_EI_0189
0.6171793848970636,0.4633030455111684,0.3641930917644903,0.4822317910056064,0.7424728196849368,0.5162539420407833,0.41299417835615293,0.2610005727519486,0.2797320380057649,0.7958238420652999,0.6440996666897356,0.7336090532290908,0.8780350260823476,RandomPerfect_B20,JILONG_EI_0199
0.8023217587248186,0.5498315181176615,0.6640045444059972,0.4478706260842614,0.656682026576626,0.9675033341355584,0.6100501635347868,0.008893880701043157,0.008927372745746657,0.7033241361187754,0.9473894880136084,0.9512335502742094,0.5752548697681245,OraclePerfectV2_B05,JILONG_EI_0009
0.8019117054928965,0.5423173722746508,0.5294591000684772,0.44606051746506703,0.6644494816822376,0.9690510229828911,0.5356024269227132,0.00953795159281011,0.009569778472183472,0.7414613056636403,0.942489012728746,0.9502491323236129,0.6044821647526804,OraclePerfectV2_B05,JILONG_EI_0019
0.8003296640333799,0.5425518001291564,0.605496418237947,0.4735321906969172,0.6673896144334373,0.9684708557549473,0.5760684668548666,0.008551803081705937,0.008582931072185069,0.7022029372496662,0.9455194158887854,0.9437563936422818,0.5977572148105613,OraclePerfectV2_B05,JILONG_EI_0029
0.8021559362026627,0.5431569578031975,0.5118629193723945,0.4883565710569218,0.6746513689900389,0.9673171795181323,0.5269523037166295,0.008988050610025148,0.009017374326306223,0.7343200468933178,0.9421435084390112,0.9402378393945389,0.6359215463731523,OraclePerfectV2_B05,JILONG_EI_0039
0.8091025050388303,0.5661499080249214,0.6000030987434419,0.4744373776485911,0.6960266264566806,0.9638845583206772,0.5837968003545873,0.008690914372192512,0.008734193941770312,0.6368788966559608,0.9486624058795431,0.9460419230658483,0.5800020696148638,OraclePerfectV2_B05,JILONG_EI_0049
0.8023589352930492,0.5363491884871499,0.5652235902748194,0.46413036284528836,0.6561054612892351,0.9659284301429271,0.5516318228858512,0.009408844496878515,0.00944388558934715,0.7171759453048695,0.9452942209771716,0.9431203748043838,0.5988994047007169,OraclePerfectV2_B05,JILONG_EI_0059
0.8082954827142204,0.5643543198415208,0.576612266006465,0.4766926175065094,1.0731020619858755,0.9725697093502885,0.5706580294521211,0.008827100925860547,0.008868507689222127,0.65404986435861,0.9495467044079615,0.9518056109454901,0.575792917005064,OraclePerfectV2_B05,JILONG_EI_0069
0.8048165674630823,0.5393539648197772,0.5227633170368935,0.4724584475862711,0.7469312189863856,0.9665410813403236,0.5306411046606619,0.009650821948334677,0.009687956781808744,0.715728511900558,0.9459024698764206,0.9410748633266945,0.5909771926235189,OraclePerfectV2_B05,JILONG_EI_0079
0.8076343148331844,0.5596346925121649,0.626457563683394,0.4610128124732663,0.6693257979323026,0.9643156759865648,0.5942465377213219,0.008550958719285955,0.00858878018309592,0.6600738561682419,0.9477147959947668,0.9517510333334491,0.5817951370057803,OraclePerfectV2_B05,JILONG_EI_0089
0.8047963672614029,0.5391030950559285,0.5808621676034657,0.4635274797380794,0.6731854221462912,0.9653099456200003,0.5613213808765839,0.00940512921150275,0.009441370384996685,0.710159840845167,0.946413072600855,0.9369708143208049,0.6147571628374784,OraclePerfectV2_B05,JILONG_EI_0099
0.8063887486280908,0.5398257475261267,0.4994634636608288,0.4371024176059157,0.6875799256064072,0.9659227549086697,0.518925271789676,0.009914734827246186,0.009950258409840821,0.7352498386981146,0.9432892452324144,0.9501174467643823,0.5941239076079822,OraclePerfectV2_B05,JILONG_EI_0109
0.8005130034725089,0.530631270842118,0.49598389791332625,0.46267748373704765,0.686835971171805,0.9632296432114114,0.5121794735104156,0.009271115717984868,0.009299222100368314,0.7541440867070449,0.9329710147565337,0.949994227873252,0.6383671969069727,OraclePerfectV2_B05,JILONG_EI_0119
0.8023029670515838,0.5524633606922105,0.6215541226985257,0.47824920676095967,0.6894697904110878,0.9720185840914909,0.589036633173317,0.008140747183073048,0.008172837421043294,0.6746178934578244,0.9455907938089798,0.9550247778204266,0.5865691395890549,OraclePerfectV2_B05,JILONG_EI_0129
0.7968412614094036,0.5318866190783418,0.5518048546240761,0.48069087623892726,0.6530827578016605,0.968713987603198,0.5424430281043614,0.009009364997826688,0.009040930035009371,0.7207080640629391,0.942530380558138,0.943635761971037,0.6156872748520195,OraclePerfectV2_B05,JILONG_EI_0139
0.7944680618592287,0.5396932022101669,0.6256196936970507,0.45283570785351657,0.6528705779252172,0.9737923145281957,0.5855681519418624,0.008744169928618852,0.008773454803794559,0.7237313844456702,0.9439052441045184,0.9558701707436932,0.583128106815437,OraclePerfectV2_B05,JILONG_EI_0149
0.8039029041335559,0.5392590012249813,0.5288596523572974,0.4624427475445247,0.6384672663394847,0.9672223922958758,0.5337389497156597,0.009544402925440832,0.009576086603786912,0.7425801199023019,0.943584006373969,0.9385948498423784,0.6181114927716721,OraclePerfectV2_B05,JILONG_EI_0159
0.800781823479432,0.5495105216833771,0.5617779810124267,0.4327765287305371,0.6427700392173935,0.9663362564520138,0.5558678193831377,0.009074330956356097,0.009107352357656823,0.7145071086853986,0.9484565158441379,0.9631327487159947,0.5818252222741714,OraclePerfectV2_B05,JILONG_EI_0169
0.8087213362618313,0.5410359111652301,0.5409402715452893,0.45095678423894775,0.6450335164824662,0.9649878105314462,0.5409864889513019,0.009647631518314381,0.009686315687261948,0.7072356988948356,0.9470334300938935,0.9414190141042477,0.5856739104404629,OraclePerfectV2_B05,JILONG_EI_0179
0.7961634523082987,0.5281837352015747,0.5033625476239393,0.4344837961541753,0.6221808948916462,0.9646102470652468,0.5149916733911324,0.009529192249907467,0.009560302454940571,0.7454410122813546,0.9361467615542448,0.952509538091832,0.6187557697575505,OraclePerfectV2_B05,JILONG_EI_0189
0.8018193635794593,0.5370759820208665,0.5143206867238317,0.4701140242915424,0.7342262524506227,0.972958482037523,0.5249666595825299,0.009236072900407623,0.009264682691657844,0.7494305239179955,0.9406217677771224,0.9388766493717127,0.610546300806079,OraclePerfectV2_B05,JILONG_EI_0199
0.6658062363791983,0.38241630312490926,0.5365005308866642,0.3800796462091317,0.6315895912960674,0.859457874172778,0.46647865958863743,0.012797252337453735,0.01286152855630605,0.7191564840362633,0.9466787344131601,0.9268872353035714,0.6150529895588748,OraclePerfectV2_B10,JILONG_EI_0009
0.6696092343532775,0.3647183974884622,0.46135050650237014,0.3840236562848283,0.6458221203248868,0.8722947417747781,0.41826446404375084,0.013149824961049548,0.013208897256054397,0.7462170341547774,0.941173364416608,0.9299230672534065,0.6221343321625967,OraclePerfectV2_B10,JILONG_EI_0019
0.6681398890867318,0.38723516527714824,0.5071318006610878,0.40267668416345326,0.6289109828973661,0.8644137899861034,0.45341592349971765,0.012386284114765571,0.012442543657749548,0.7325767690253672,0.944898629832562,0.9171998553907741,0.6368486068574589,OraclePerfectV2_B10,JILONG_EI_0029
0.6663101963195088,0.38553431944982014,0.46883935089431394,0.4168918468423092,0.6318617791487532,0.8626952208198256,0.4312990840838566,0.01285427812507041,0.012908878578100035,0.7524179366940211,0.9412617390716829,0.9102953915420552,0.6432704237349641,OraclePerfectV2_B10,JILONG_EI_0039
0.670151437736545,0.3865074793028905,0.5304857869735243,0.3978304222475988,0.6715337013729465,0.8464836166036988,0.4661054679670242,0.013245056698387372,0.0133197235056051,0.7026261099565464,0.9480858863107287,0.9321280144548664,0.5896387139332113,OraclePerfectV2_B10,JILONG_EI_0049
0.6726185000735309,0.37999022907612473,0.46872782505580324,0.39936299831193706,0.6349383299361546,0.861102843083031,0.4286752693697984,0.01324933272416861,0.013314459841686506,0.730361378540533,0.9440722898336539,0.9253864358130717,0.6147028425350668,OraclePerfectV2_B10,JILONG_EI_0059
0.6702791850114576,0.3894301781095183,0.5244348079002081,0.4019723768918158,1.0358814406776635,0.8685639511785548,0.46343444328978245,0.013164522349825864,0.013236033554918626,0.7090169228781811,0.9489238543231734,0.9400885363089172,0.5845261587917661,OraclePerfectV2_B10,JILONG_EI_0069
0.672357089724027,0.3819108501893462,0.4635000345970287,0.40685670778303973,0.7194425134671061,0.8636587749671655,0.4270230585870408,0.01354458223253343,0.013612411215543215,0.7310544529980931,0.9446489824804213,0.9266422539152251,0.5986003911402661,OraclePerfectV2_B10,JILONG_EI_0079
0.667769030118502,0.3879179413491561,0.5336835905310274,0.3871934357842431,0.6339173762349752,0.8467087749642753,0.46708975842187983,0.012884089909456992,0.012953017673932667,0.7077048256869249,0.9472400341464088,0.9321328385461536,0.6101941894850189,OraclePerfectV2_B10,JILONG_EI_0089
0.6721381915071815,0.3728788204958336,0.47133134899567536,0.3956151881836862,0.63337661964302,0.8566121781474298,0.4271872207646237,0.013357702114217378,0.013423681157338998,0.7310146120600947,0.9455399215904832,0.9143957937808516,0.6314801582495504,OraclePerfectV2_B10,JILONG_EI_0099
0.6716394217111546,0.35411765485771285,0.4525943760828935,0.3769403875856962,0.6728460204474841,0.8630091777446568,0.4090313459125922,0.013579990482175112,0.013644907464279534,0.740554878485913,0.9420028520618207,0.9367416106217391,0.6099085504428634,OraclePerfectV2_B10,JILONG_EI_0109
0.6747821177980323,0.3732084967897339,0.44081271627359914,0.39834170059713425,0.6421109724110418,0.8611832796066934,0.41116221611853315,0.013117424556172175,0.013172815921611902,0.7572521517373286,0.931858929782282,0.9256734810068398,0.6449384335171005,OraclePerfectV2_B10,JILONG_EI_0119
0.6684286121489208,0.40203174479803017,0.5415491622217857,0.4057083625660051,0.6584681322238923,0.8717210580811936,0.4789429028405807,0.012034290543076583,0.0120915388320276,0.7176568395472277,0.9451338947264672,0.928356651472315,0.6177070983278338,OraclePerfectV2_B10,JILONG_EI_0129
0.6662352686906513,0.3836071607455933,0.47798665328952794,0.4136102470256378,0.6217179259068099,0.8663199788025442,0.4357510758496362,0.012773063289161451,0.01283214707916591,0.7350379320033718,0.9413989504105369,0.9139662739341079,0.6309862846238671,OraclePerfectV2_B10,JILONG_EI_0139
0.6637761908367762,0.3778009506193985,0.5127660978342029,0.38655684134292384,0.6212476057971434,0.8769437690658057,0.4524364328699948,0.012337854543555099,0.012393600895501504,0.7328323221180364,0.9426590190835251,0.92122015771944,0.6254999148412435,OraclePerfectV2_B10,JILONG_EI_0149
0.6749798163169659,0.37754896554960593,0.45474331460912637,0.3980210819132032,0.6187316393367621,0.8680426469832899,0.4204788502471136,0.013343761912899451,0.013402960244002272,0.7513137443564503,0.9423864728257701,0.9196249010730885,0.6240887030504824,OraclePerfectV2_B10,JILONG_EI_0159
0.6631147935515508,0.3579945429224395,0.49719802721174705,0.36771867015675125,0.6223307469109587,0.861370379849195,0.435344041028373,0.0126155515472634,0.012676554922298135,0.7238730543763897,0.9473396288151245,0.9354950550312942,0.6234758317459139,OraclePerfectV2_B10,JILONG_EI_0169
0.6730896604171038,0.36798869439120796,0.45969499845264794,0.3875632485258212,0.627889709050886,0.8533392255144686,0.41790070493583903,0.013562514347726276,0.013633449283647334,0.7227358031556266,0.9458854838820373,0.9267932403555394,0.5962501278206452,OraclePerfectV2_B10,JILONG_EI_0179
0.6679486489169157,0.3516438386790319,0.4451039583777176,0.3752068919461588,0.6089936422584871,0.8623926980634222,0.40456896702943224,0.013130753022069425,0.013188760198879794,0.749088202456271,0.9347054078538735,0.9334011062546579,0.633189727451333,OraclePerfectV2_B10,JILONG_EI_0189
0.676364711462202,0.38549614800092163,0.46783222992751483,0.40726985249128506,0.7110049021693626,0.8835473884070092,0.4317115425974232,0.01284205689741068,0.012895650212940235,0.7555049354593774,0.9392832943956523,0.9227159137274246,0.6174781832682397,OraclePerfectV2_B10,JILONG_EI_0199
0.4722838596494613,0.2677525099421451,0.47492285421727554,0.30724763427653035,0.5982005070771879,0.6839684508939159,0.38630987878161593,0.01696208972945467,0.017059100805818052,0.7489160425699646,0.946600330527747,0.934218999763666,0.6096558870971374,OraclePerfectV2_B20,JILONG_EI_0009
0.4895174610264915,0.24223170082650558,0.43947840040996233,0.3102755622975789,0.6129060656561209,0.7052487168137233,0.3595831983644546,0.017763158983251075,0.017855984565616916,0.7735985012249603,0.9408319972534566,0.9414760966052796,0.6206990324493622,OraclePerfectV2_B20,JILONG_EI_0019
0.47117887749345555,0.2530416228953191,0.44560699257200703,0.3259134186667544,0.5888606028700597,0.6891960660475562,0.3658293071382701,0.016655314196033586,0.01674227251534354,0.762283044058745,0.9452071275564182,0.9249638069593893,0.6274076843283881,OraclePerfectV2_B20,JILONG_EI_0029
0.47851231584385423,0.24031190101430785,0.43382170789014046,0.3337584562259164,0.5892926729479059,0.6928217439184027,0.3553395822568541,0.017989926045720254,0.01808035676493843,0.7824589683470106,0.9408806794870301,0.921978342657407,0.6414559486141447,OraclePerfectV2_B20,JILONG_EI_0039
0.4744674777910836,0.25845398846748235,0.4459903491497579,0.32450568819582615,0.6415202095916422,0.6832530631504208,0.36702422531388545,0.0178193917445412,0.017931676497294987,0.7399710309213426,0.9491713074094329,0.9331361774309614,0.593153948503604,OraclePerfectV2_B20,JILONG_EI_0049
0.4796616978237165,0.2413348878772058,0.41918527734691413,0.32262759433283367,0.6048072683344249,0.6893268744330455,0.34590727469309596,0.01802057186555935,0.018122121285951295,0.762801730152086,0.9437085422951594,0.9341070401134086,0.6157241609472698,OraclePerfectV2_B20,JILONG_EI_0059
0.47248659148238237,0.2603194448607507,0.45204932115196617,0.32828655181137817,0.9464818824569277,0.692885939812435,0.37099573198497,0.017704995883276235,0.017814839235154947,0.7417000387546828,0.9498888365299053,0.9412932133239924,0.5862138608604215,OraclePerfectV2_B20,JILONG_EI_0069
0.4822033116265318,0.24148534459844137,0.42043053295424326,0.32962204342354895,0.673399860390466,0.6875961025822385,0.34782296973129184,0.018591350324542847,0.018697615553988415,0.7658732961367328,0.9443083830564637,0.9336443834139524,0.6032293055952159,OraclePerfectV2_B20,JILONG_EI_0079
0.47154416422406137,0.2569920449575274,0.4604761600422954,0.3140776152579082,0.5947599026522428,0.6875432090029463,0.373645047054224,0.017063935977970915,0.017164348128410906,0.7446954997809351,0.9480767751605143,0.9345421298485661,0.6075327300402207,OraclePerfectV2_B20,JILONG_EI_0089
0.47871026194451155,0.23064373130369803,0.398628692724504,0.31777680726714147,0.5909142872803187,0.6987712429960689,0.32933002220241975,0.018212058756603405,0.018315561065315348,0.7631885847568086,0.9452460452240959,0.9256829288056464,0.6334972048209212,OraclePerfectV2_B20,JILONG_EI_0099
0.49783133482660613,0.23828262847179643,0.4218527181990341,0.3059676138925263,0.632145260265634,0.7039827346428438,0.3474246828206266,0.01809885290148448,0.01819770005766817,0.769159079503907,0.9416848551381908,0.9447032411004875,0.608987721331921,OraclePerfectV2_B20,JILONG_EI_0109
0.5051977901082071,0.2429836180456106,0.37311382002968874,0.3177027986177298,0.5967145412958091,0.6962644510032752,0.3200179136575717,0.01819183514029437,0.018281945259711763,0.7868186165125917,0.9315531337520407,0.941457647551255,0.6345096843551917,OraclePerfectV2_B20,JILONG_EI_0119
0.4711578428887659,0.2755850700238833,0.47993840965619405,0.33161549980623994,0.6209497750257065,0.6966336676225823,0.39422322211462707,0.01606519494567088,0.016150645998379856,0.7522542687216218,0.9459781479304262,0.9314072682323334,0.6111215026560611,OraclePerfectV2_B20,JILONG_EI_0129
0.4794630053362165,0.25086092164407214,0.4403266330650463,0.3342532025872825,0.5864612627073293,0.674744105037163,0.3629556470218437,0.01776372987950045,0.017859651989216567,0.7678420904748525,0.9410308505765784,0.9249926773629981,0.6304212894634532,OraclePerfectV2_B20,JILONG_EI_0139
0.47996247435829087,0.2642357253696982,0.4593885656173543,0.3121454646020488,0.5859001619811953,0.68574431584791,0.3776548714197426,0.016677770073373125,0.016765503154921448,0.761169332597904,0.9422187848054762,0.9315453297546156,0.6212733325594879,OraclePerfectV2_B20,JILONG_EI_0149
0.4886749856683792,0.24008630235698922,0.4223220938354578,0.32013698268560614,0.5892008151163726,0.7029651494191688,0.3492997309374383,0.018241910143305784,0.0183365632568773,0.7794389756494708,0.9420179326917022,0.9287544602523601,0.6226371004060087,OraclePerfectV2_B20,JILONG_EI_0159
0.4877048695730717,0.24712827802809878,0.44665364074708575,0.29719509104624775,0.5873120706907529,0.7058484947791139,0.36390545024058785,0.016802311105244685,0.016894526095120314,0.7548008894279361,0.9470433174849805,0.9414224774928133,0.6188003243560922,OraclePerfectV2_B20,JILONG_EI_0169
0.4823106655213543,0.23083984200037663,0.3861593992243165,0.3138868712632561,0.6002085013598297,0.6886299213692827,0.3206412333362963,0.01826776471616631,0.018376502698050065,0.7553346771390839,0.9455491220195444,0.9347932508806959,0.6014832865875247,OraclePerfectV2_B20,JILONG_EI_0179
0.5040369701274215,0.24834846952657258,0.4365464167637586,0.3041955130977926,0.5829256487695916,0.6980160806895033,0.36187748537249664,0.017709284200183927,0.017800574785309827,0.7754372906587272,0.9343284495979025,0.9469338054879984,0.6259035339312436,OraclePerfectV2_B20,JILONG_EI_0189
0.4904071345939197,0.25433006705008276,0.4373877015272572,0.32876139950858857,0.6643442145821471,0.6872445124791571,0.36434828004534126,0.01769206166223966,0.017777991657543357,0.7854214123006834,0.9388650416594242,0.9337249521483433,0.6165918481919129,OraclePerfectV2_B20,JILONG_EI_0199
