trajectory_h_rel_l2,trajectory_hu_rel_l2,trajectory_hv_rel_l2,trajectory_c_rel_l2,trajectory_ice_rel_l2,trajectory_dz_rel_l2,trajectory_momentum_rel_l2,change_region_h_rel_l2,change_region_hu_rel_l2,change_region_hv_rel_l2,change_region_c_rel_l2,change_region_ice_rel_l2,change_region_dz_rel_l2,change_region_momentum_rel_l2,mean_wet_iou,final_wet_iou,mixture_volume_relative_error,debris_front_mae_km,debris_front_final_error_km,newly_wet_iou,newly_wet_precision,newly_wet_recall,false_positive_wet_fraction,wet_overprediction_ratio,front_zone_h_rel_l2,front_zone_momentum_rel_l2,front_zone_wet_iou,__change_num_h,__change_den_h,__change_num_hu,__change_den_hu,__change_num_hv,__change_den_hv,__change_num_c,__change_den_c,__change_num_ice,__change_den_ice,__change_num_dz,__change_den_dz,__new_intersection,__new_union,__new_pred,__new_truth,method,scenario_id,budget_fraction,selected_patch_count,active_cell_coverage_fraction
1.0116978740898634,0.793966765648634,4.10642282360843,1.6980102646508524,1.0542511275392152,1.1368931773491993,2.9164035032111135,0.8022433415832705,0.5501303117390279,0.6620351555809946,0.44789403604056677,0.6567876836067564,0.9674957832143052,0.6091043099966342,0.3580452322154162,0.21419871237167218,0.24703411353459734,11.474366307048731,2.520000457763672,0.008813971276580854,0.008846873471114814,0.7032584417290764,0.5947240365573145,1.6705627353361099,0.9474652190096193,0.9522262298561278,0.5753343574729302,22095615.4529984,34331585.49860616,13262645168.084473,43822686784.623886,19516007944.126465,44527558414.58065,8068.9610414505005,40222.31467985641,110.50622796408493,256.1750057976751,67864.63769173622,72501.22977417707,10705,1214549,1210032,15222,FrozenGlobal,JILONG_EI_0009,0.0,0,0.0
1.003534919300496,0.764795454571607,4.297086717988478,1.5711540955173149,1.0638947335988644,1.1209715892040364,3.0214777611012598,0.8018834694740863,0.5420612473033399,0.5293723366241737,0.44592401909121504,0.6645004019463956,0.9690468022715261,0.5354342586795394,0.3723072957207813,0.2284006755878914,0.2571226445830226,11.74659593905329,4.1100006103515625,0.009446767971849677,0.009477952916866945,0.7416774751405102,0.5737960516047795,1.6108491892638177,0.9425433650652951,0.9505037243457831,0.6049987455302209,16317721.831820477,25376808.590233617,8684316768.178955,29555542556.124622,9162458776.98706,32695617830.375175,6904.712146759033,34723.52818476036,58.461948977382946,132.39841732103378,76023.08014392853,80957.28886890411,10293,1089579,1085994,13878,FrozenGlobal,JILONG_EI_0019,0.0,0,0.0
1.0177542579918426,0.7923091895741187,4.658048868363546,1.8021171703302636,1.0337207686537178,1.109344454009909,3.3108908728815143,0.8003802150296607,0.5427893418270993,0.6035797428389665,0.4735122989466186,0.6674346736016302,0.9684653039773531,0.5751318037408467,0.34827654420723086,0.21345385016513124,0.2043355075209744,12.046479171535498,1.9500007629394531,0.00848260239626459,0.008513267013782343,0.701935914552737,0.6098988765988146,1.743230415667466,0.9456017494518016,0.9448559728108163,0.5971409667448065,18457007.157070227,28811680.589952502,10608485915.71099,36007318607.353355,14144447624.025532,38825466307.84117,8331.05643209815,37156.73530562222,150.34417528911575,337.49634789254924,86740.71957421303,92481.5048237443,10515,1239596,1235131,14980,FrozenGlobal,JILONG_EI_0029,0.0,0,0.0
1.0170897912231724,0.7782735001431168,5.034308917368157,1.7954139901324022,1.0005056984842493,1.1036313071826496,3.5555139980256287,0.802134198312757,0.5432503599991004,0.5119148955457495,0.4882268599565907,0.6746239496997244,0.9673195073244646,0.5270245302081243,0.35112863532429917,0.2200692929552162,0.19041891598463057,14.881690332377461,4.649999618530273,0.008915091907155724,0.008943886411661394,0.7346864009378663,0.5995181210359648,1.678775409357382,0.9421803664765495,0.9412011673237198,0.6359549353129123,13336244.188495044,20727144.440217003,7361897812.72034,24945357901.363438,7231748835.802757,27596105776.552704,7616.990192055702,31955.091040883213,166.45517100680763,365.74111234099837,71942.13663947582,76885.32242523134,10027,1124722,1121101,13648,FrozenGlobal,JILONG_EI_0039,0.0,0,0.0
1.0085351939508205,0.8024268708318263,3.0636181610600053,1.652829663912546,1.1508739379434376,1.1424759946564835,2.2320564169277186,0.8091115017410052,0.5669829356437057,0.6003061497997162,0.4744819090142925,0.6961493880342086,0.9638914278247707,0.5843495577124268,0.3431622833888123,0.21065608274700823,0.29291145477922814,10.388181961708135,1.3800010681152344,0.008608552200360584,0.008651013348206496,0.6368788966559608,0.6010358696485255,1.6138988093755655,0.9487051073839355,0.9461457598852107,0.580717671381555,22522395.31808144,34403119.76943549,14344274708.648203,44620929967.68163,17008578676.096588,47197874190.75491,9333.297550916672,41456.80176700652,76.10474600216462,157.03875714167316,75563.18106269836,81330.60382030904,10113,1174762,1168996,15879,FrozenGlobal,JILONG_EI_0049,0.0,0,0.0
1.0070739734514516,0.7693106031453227,3.886190923960044,1.6321636634517174,1.079588070473533,1.124621086111612,2.7605661942289115,0.802377091400228,0.5366215352178447,0.5651132619904842,0.4639761808418066,0.6561109170902404,0.9659211683211828,0.551699138320177,0.3607421169418987,0.22189291927066554,0.24506079574071013,11.308943895413213,3.0,0.009318380414722317,0.009352749690212912,0.7171759453048695,0.58421710473456,1.6121735400716293,0.945349733128861,0.9435564631674895,0.5991852411197106,16156429.878758337,25095066.9514793,8667186573.63086,30098298892.845074,10528332738.526855,32967696484.868633,7606.962638139725,35336.20548405871,68.29088675107823,158.63836451845418,66541.09319448471,71319.21658104658,10280,1103196,1099142,14334,FrozenGlobal,JILONG_EI_0059,0.0,0,0.0
1.010094327443164,0.8131892337937722,3.254404038990235,1.6466094875278237,1.4516050016686848,1.1244979151062446,2.358324862237012,0.8083136138827857,0.5645000644805501,0.5763242738031166,0.4766204447848681,1.0730952520080987,0.9725484249415156,0.5705796040891604,0.3376040932050282,0.20889251222877211,0.28306591828583205,10.28790215918651,1.4099998474121094,0.00874216611929175,0.008782812998875579,0.6538560909443224,0.6057407015010834,1.6205314653853922,0.949595424820844,0.9515242581490367,0.5752821727594108,21247337.99873373,32519565.917531945,13356103555.587008,41913293246.8365,14581109147.240952,43899213296.85787,9354.650477916002,41179.61009020358,65.00206787742647,56.4482686781848,88810.71224737167,93895.09017384052,10123,1157951,1152592,15482,FrozenGlobal,JILONG_EI_0069,0.0,0,0.0
1.005149478626294,0.7732864289256716,3.527635172127018,1.6018245231691761,1.182383342846225,1.1236053662134338,2.5181291323405635,0.8048957301278932,0.5393986717804916,0.5227347497895254,0.472412456824638,0.7469341269436799,0.9665444269961331,0.5306476163407499,0.3541470905751178,0.21993243243243243,0.2594042097343708,11.229507267501363,3.0600013732910156,0.009552347448605806,0.009588764931867806,0.715516632530546,0.5854891150888728,1.5784462754918873,0.9459630306704323,0.9414994142808505,0.5911123118462718,14746577.723934025,22762082.71220981,7861886017.667666,27021347192.559578,8294932485.025772,30356389200.495186,7704.4785967469215,34522.367499114014,47.05894301559438,84.34853874377063,66030.23512101173,70680.4330277443,10131,1060577,1056549,14159,FrozenGlobal,JILONG_EI_0079,0.0,0,0.0
1.010747920638021,0.7946591819734155,3.6438827339234736,1.6983030016166398,1.03459928340938,1.1359231495114153,2.6211790073012473,0.8076544903656772,0.5601004516449162,0.6313475327853139,0.4607893042641677,0.6693032288268164,0.9643084902467409,0.5970652936172636,0.34955154202665767,0.2086061216495999,0.2665445242207745,10.76202814312248,1.5,0.008476353047494728,0.008513453547944652,0.6604493960067597,0.6037593658769376,1.67962989344822,0.947763996111553,0.9524424390596384,0.5817253977419119,23755716.874573797,36418069.187190264,15135819731.888184,48247420689.86666,19533585880.16919,49005519897.72861,8817.996001958847,41530.304752483964,150.12632371443942,335.1282274788109,86273.61745595932,92778.21813547611,10552,1244875,1239450,15977,FrozenGlobal,JILONG_EI_0089,0.0,0,0.0
1.0062147097387764,0.7568244800268772,4.2422287952707425,1.6338070151397595,0.9889644504027059,1.1165791042187179,3.006910963253958,0.8048251808147314,0.53976421979629,0.5801393336568373,0.46353761108384595,0.673176793269643,0.9653084945587805,0.5612337847638483,0.3650630887676034,0.22425187032418953,0.2454776483520983,11.35943684191771,2.760000228881836,0.009312661712504508,0.009348156774592513,0.7103656445084723,0.5809009710899024,1.6098939875570821,0.9464672047128545,0.9375112949539558,0.6148541833962098,16797038.757894516,25931617.838365976,9154833879.488281,31422612033.22519,11585099083.155273,34421923012.18359,7591.257642388344,35330.011182207614,169.5875524943417,374.22750192903914,76009.1666507721,81570.61096382141,10355,1111927,1107705,14577,FrozenGlobal,JILONG_EI_0099,0.0,0,0.0
0.9972235596751834,0.7588774973246598,3.7020766941616237,1.4663550735395614,1.0854794858317796,1.1348270018297417,2.6144556217153987,0.806410912432322,0.5400717349559011,0.4991394638925353,0.43698742510358907,0.68755729176531,0.9659175047524869,0.5188817505445789,0.37988319471576304,0.22904515367979553,0.3183646736371785,11.88021287469999,4.350000381469727,0.00982020383216727,0.009855013434288223,0.735464907878701,0.5588583534523086,1.5394287350870093,0.9433486501488652,0.9502228311585531,0.5940200020736881,17374691.295805156,26718022.109859217,8960315310.613281,30719942261.082848,8545105935.9140625,34298382133.7913,6766.162645876408,35432.725008778274,47.36526393774496,100.19410660531139,69894.72808229923,74914.23455935717,10259,1044683,1040993,13949,FrozenGlobal,JILONG_EI_0109,0.0,0,0.0
1.0067571659401287,0.7750286347822727,5.12234686978519,1.6698989575011631,0.9452719107249761,1.1156214507672206,3.586676250305003,0.8005812413304574,0.5309086672190559,0.49500772750519173,0.4624994521992562,0.6868426714417012,0.9632243769012793,0.5118004216962028,0.375997947825139,0.23244648929785958,0.21431615157803524,15.555211610567401,6.750000953674316,0.00919858393671421,0.00922615626503841,0.7547816385081287,0.5670167797704891,1.5833765287681596,0.9329913000921968,0.9512308412930262,0.6393368430109502,11712396.99672136,18274056.568535265,5627300851.771584,19964594959.49474,5765026817.296474,23527586264.43009,6345.335181772709,29664.164619132876,206.39283578162213,437.5020383175179,46329.745004832745,49934.99145291746,9471,1029615,1026538,12548,FrozenGlobal,JILONG_EI_0119,0.0,0,0.0
1.0217858656366516,0.8204335570518081,4.4142585320311305,1.8905175767865006,1.085129132476789,1.1006866394772465,3.160075462544582,0.8023409037289521,0.5525656762074002,0.6204665588614142,0.47825118638062414,0.6894360375451825,0.9720126865649852,0.5884928162631882,0.3353782033182225,0.2038180797304885,0.2078174989244418,11.224196022311292,1.5300006866455078,0.008067656317534875,0.008099199449506338,0.674426040800665,0.6259640516982267,1.7954032496205208,0.945627535207563,0.9556156536690656,0.5854766660562968,21423099.141246676,33278552.74885588,13032498025.505323,42683483816.23633,17426974303.05021,45267366764.873924,9166.614590168,40077.152742907405,130.9965615189153,275.5953811859654,96677.79488044977,102325.2629685998,10546,1307195,1302104,15637,FrozenGlobal,JILONG_EI_0129,0.0,0,0.0
1.0154774071887396,0.7838914737881756,4.712090028926955,1.7780260841023676,1.0347074346746832,1.1115526160711495,3.332852616617118,0.796890219386443,0.5319141169828197,0.5512110768168842,0.4806074840803016,0.6530902886092441,0.9687081741604383,0.5421385497301706,0.35409834321402817,0.2203848088531187,0.1979584583052289,12.803239678045813,3.1500015258789062,0.008932108142931142,0.00896313321784345,0.7207080640629391,0.5978321491538252,1.68509508248703,0.9425815763447943,0.9444713378177347,0.6157843748814256,14542991.515370212,22901121.856757905,7758156477.568336,27420508326.108334,9223353205.400995,30356588774.160496,7871.601145505905,34078.62169221509,116.11448187371903,272.2324782969081,64419.882615327835,68648.96600997448,10260,1148665,1144689,14236,FrozenGlobal,JILONG_EI_0139,0.0,0,0.0
1.0159527598284832,0.794745193153841,4.9112404157124745,1.782915077703091,1.021596702023273,1.1201700480192658,3.457720840712168,0.7944949695964446,0.5400840810324171,0.6247461457135779,0.452808340356319,0.6529455054766792,0.9737694802311639,0.5852618535557875,0.360639469440898,0.21858245448653743,0.20315076854975625,12.705845244963404,3.3900012969970703,0.00868338047136933,0.008712258912698136,0.7237313844456702,0.5960937991364125,1.7123020264385915,0.9439569341942422,0.9571328560970157,0.5837800390658168,18216545.05522083,28859161.51000511,10236668760.60443,35094244483.431915,14576099719.546246,37345145842.27022,7649.722930073738,37309.28019087389,138.53487302753345,324.94154228115826,57922.4895581007,61085.04558469355,10497,1208861,1204854,14504,FrozenGlobal,JILONG_EI_0149,0.0,0,0.0
1.0062712280847337,0.760823974034856,4.374733811334991,1.6207314815343954,1.021404994662982,1.1135500023066454,3.084436485697029,0.8039074215121133,0.5391705331430792,0.5286701990438973,0.46231795056246905,0.638498692698305,0.9672169431655615,0.5335971320149508,0.36489231346337725,0.22657705616183124,0.23460882402425692,11.668521401537976,3.780000686645508,0.009454298101980174,0.009485361256623684,0.742728147435423,0.5784655640069083,1.5991314525016918,0.9436349899593757,0.9391220950191566,0.6179977352414286,14095359.773401715,21810423.04252069,7267844852.043549,25000767984.394268,7982492266.336212,28560699926.19287,6909.851628005505,32328.623210713267,74.78070347636276,183.4296433017298,71743.83194875717,76689.6539349556,10035,1061422,1057946,13511,FrozenGlobal,JILONG_EI_0159,0.0,0,0.0
1.0029122074533667,0.7696345631947263,4.232678227661454,1.56012963516642,1.001214021213885,1.1360054820353036,2.984381945355051,0.800789016849913,0.5496129000353476,0.5621070289135169,0.4326780613277143,0.6427937376150078,0.9663386225498829,0.5560882858389599,0.3746438821381088,0.22189798062332206,0.2821452399116696,11.641276673433628,3.1499996185302734,0.008989554420831833,0.009021928380841565,0.7147092513981538,0.5768927623057313,1.6328576139572166,0.9484967802374158,0.9634388763689931,0.5820945705661001,21371426.77490042,33327082.84270499,12279652264.39482,40651093598.545715,13664388987.877943,43246621440.80403,7198.493124008179,38451.372286666185,122.29796160123787,295.98925423133187,78838.64291644096,84426.82640565932,10607,1179925,1175691,14841,FrozenGlobal,JILONG_EI_0169,0.0,0,0.0
1.0010573143378487,0.7597244906967449,3.4586754041759495,1.5371601330506537,1.0601444622098921,1.1334780907158128,2.4645210913051483,0.8087183620368427,0.5410303147353562,0.5411189494248946,0.45080889562295007,0.6450707469418522,0.9649846818449416,0.5410761208886141,0.3673448378490435,0.2253484602917342,0.29127699596799733,11.40676073771967,3.0900001525878906,0.009549316551961007,0.009587201989796639,0.7073052060888302,0.5712477278104149,1.5492574273958695,0.9470844919775774,0.941620113488121,0.5857026327477908,17724718.926971316,27100964.614665315,9639845646.487427,32932665280.280052,10312581267.07951,35219395577.81594,7416.151045322418,36491.659354142845,63.61683670780246,152.8823588847772,63972.074137330055,68698.8699157536,10176,1065626,1061415,14387,FrozenGlobal,JILONG_EI_0179,0.0,0,0.0
0.998873102396894,0.7610554520177196,4.4222889017125055,1.5307450802336522,0.9952678310478753,1.136640256741187,3.0993280972594173,0.7961921678611631,0.5281901974327823,0.5032122105134661,0.43440200217533315,0.6222074238381672,0.9646105226750354,0.5149157672050194,0.38766337680283924,0.23635893457460563,0.27774935285487984,12.213404366746545,5.100000381469727,0.009435997336028705,0.009466477028412662,0.7455898771864533,0.556924207355931,1.578749707702588,0.9361973905992771,0.9534720923686993,0.619900231411568,15519576.546331659,24481840.55096493,7531188407.856361,26994969340.09335,7943451770.095994,31369451238.91772,6357.820202291012,33691.83037099242,81.43539125352167,210.35014229263106,52016.66944527626,55903.44233979285,10017,1061573,1058155,13435,FrozenGlobal,JILONG_EI_0189,0.0,0,0.0
1.0097355704918696,0.776811451934982,4.3230777859810745,1.6750196800650827,1.1063616706995643,1.0959626816502273,3.048718523948338,0.8018385017151535,0.5372876587819271,0.5140292269854868,0.46995899137711494,0.7342171728787035,0.9729520373505319,0.52491337491718,0.35541326899425535,0.22452715070164733,0.21166528751125702,11.659225609310916,4.229999542236328,0.009154761087814114,0.009182845789211273,0.74958238420653,0.5908162945334458,1.640952056828758,0.9406730555151677,0.9396105064583322,0.6105012831383244,13143373.936928542,20442455.090043806,6657082283.58276,23060578331.027157,7082500669.638861,26804702911.097485,7070.229903131723,32012.059092477895,49.222758752297196,91.30969125659489,68375.89938902855,72230.42800281942,9872,1078346,1075048,13170,FrozenGlobal,JILONG_EI_0199,0.0,0,0.0
0.8993890650155401,0.7860994330730461,3.01341216819917,1.2384764171200258,0.901217376495739,1.0656230325559866,2.1733813431067524,0.7400387997045395,0.5316470985807453,0.5775429593007978,0.4263655289401889,0.6271298913966551,0.9658520309497669,0.5552524889063243,0.23517436180586523,0.19090964074029274,0.2594954431933071,12.11936649617175,3.780000686645508,0.0036721040695928825,0.0036744090874148167,0.8540927604782551,0.7752934353906966,3.7475133793792756,0.9119869488860639,1.1391576546564877,0.2552612053427165,18801947.712673187,34331585.49860616,12386422708.166016,43822686784.623886,14852428478.734375,44527558414.58065,7311.916614890099,40222.31467985641,100.75155493769239,256.1750057976751,67634.23278212547,72501.22977417707,13001,3540477,3538256,15222,LearnedRandom_B10,JILONG_EI_0009,0.1,19,0.1000409250594945
0.8592236935702325,0.7372425416325774,4.18231824998568,1.0817933849382573,0.9155206587745768,1.053910353740453,2.939841343353878,0.7098709120348052,0.5267886500448721,0.4812118932150745,0.4244264154502548,0.6651759263026398,0.9672994840833266,0.5033655681778472,0.2606749492513127,0.21844640461769846,0.12632858969882022,15.208732599995926,4.260000228881836,0.0047893010365545035,0.004792505148460224,0.8775039631070759,0.7350497342812268,2.9420578875690526,0.8834480079171327,1.1367994669583628,0.27318147823186006,12787797.93957901,25376808.590233617,8201848721.807617,29555542556.124622,7571157021.202148,32695617830.375175,6255.019354999065,34723.52818476036,58.58087304169973,132.39841732103378,75749.16819345951,80957.28886890411,12178,2542751,2541051,13878,LearnedRandom_B10,JILONG_EI_0019,0.1,19,0.10691272965041831
0.8733520219709299,0.7742735221590287,2.874116576152998,1.218909286327129,0.8948904623924732,1.0468317753372938,2.0873638445927325,0.7619717085496371,0.5269263713923973,0.49119741386607524,0.44068775202460253,0.6342346921784645,0.9687273375721438,0.5087024611388494,0.23749341483645192,0.20356867419196523,0.3321822660967043,13.199790354479443,1.9500007629394531,0.004092704060115784,0.004094910858273146,0.8836448598130842,0.7671639868907241,3.6252230973841617,0.9274834305824547,1.0844743529877832,0.2514303793736311,16728087.238204956,28811680.589952502,9997482452.859375,36007318607.353355,9367610477.144531,38825466307.84117,7216.049595952034,37156.73530562222,135.75913603388204,337.49634789254924,86787.66406941414,92481.5048237443,13237,3234292,3232549,14980,LearnedRandom_B10,JILONG_EI_0029,0.1,19,0.10455565680466325
0.8716028158235312,0.7264273377709177,3.810611153703035,1.1587880164950433,0.8771162751729494,1.0424385855378606,2.708448882617277,0.7534407362857253,0.5533083734519941,0.47808366874256725,0.464693754931772,0.6057243350123085,0.969451564776563,0.51516981800282,0.2501286074838111,0.23195876288659795,0.08077997016500744,13.537183343314789,4.1399993896484375,0.004844637908703286,0.004848957987194511,0.8446658851113716,0.7390755120133881,2.886202915478089,0.9026650589576379,1.1136788750227384,0.2492212082011538,11766239.086328506,20727144.440217003,7637025216.273315,24945357901.363438,6307476163.920654,27596105776.552704,6900.391494452953,31955.091040883213,134.1911346374507,365.74111234099837,72259.61975473166,76885.32242523134,11528,2379538,2377418,13648,LearnedRandom_B10,JILONG_EI_0039,0.1,19,0.10352045912641589
0.8857867328142557,0.7866948764917612,3.3840325695735154,1.2238473171953241,0.9160367957111109,1.0641759172325373,2.448408341942465,0.7563331585718156,0.5574286088164515,0.5396696010662079,0.457786679048278,0.6786877228191406,0.9621129841793122,0.5483717355978417,0.23469007105997372,0.2062194663660278,0.39515872445651207,12.790699527188615,1.980001449584961,0.0035335679381019772,0.0035364310706634716,0.8135902764657724,0.7733757198759168,3.9181663619956533,0.9361587229735693,1.1352796974891988,0.2532032141128516,19679955.360809326,34403119.76943549,13864912263.970703,44620929967.68163,13746063608.8125,47197874190.75491,8688.045710742474,41456.80176700652,72.33472514085169,157.03875714167316,75284.60013371706,81330.60382030904,12919,3656078,3653118,15879,LearnedRandom_B10,JILONG_EI_0049,0.1,19,0.10158204921387298
0.8864923228634944,0.7612141381328442,2.906588008833351,1.1424597244013786,0.880555360028564,1.0525417077925934,2.0954857057576524,0.7682992048820102,0.5285485632796864,0.4882270372744891,0.4445358828342701,0.6806483373575009,0.9652719002641773,0.5078700058154505,0.24428831069293855,0.21644314868804665,0.20416444482064908,13.392042286825221,3.030000686645508,0.0042115199780310315,0.004214507400034695,0.8559369331658992,0.75661702805915,3.296467863346844,0.9370751645020182,1.2710305582325212,0.22928033139923368,14813208.174404144,25095066.9514793,8408368643.333984,30098298892.845074,7858366069.496094,32967696484.868633,6982.863578379154,35336.20548405871,73.4943240377424,158.63836451845418,66451.66874098778,71319.21658104658,12269,2913200,2911135,14334,LearnedRandom_B10,JILONG_EI_0059,0.1,19,0.10895382445106393
0.9202555435054509,0.8173543778789075,3.8895966141295815,1.2312706133979385,1.08774220545479,1.0602328108704955,2.7936645450847575,0.7489142327647997,0.5509705068144188,0.5154927130897067,0.45804348267951267,1.1828338023919178,0.970881532027373,0.5331161321360626,0.22680811361212727,0.19143280065250884,0.3863960300527595,11.953216866909207,1.6800003051757812,0.0034645350514185516,0.00346708832195695,0.8246996512078543,0.7814291577986907,4.012669315444568,0.902863799994503,1.13274918414257,0.2785594523017341,18239331.1468544,32519565.917531945,12723555534.988281,41913293246.8365,11665458112.433594,43899213296.85787,8639.639998227358,41179.61009020358,78.97653585528093,56.4482686781848,88506.54007697105,93895.09017384052,12768,3685343,3682629,15482,LearnedRandom_B10,JILONG_EI_0069,0.1,19,0.10404499757087225
0.9116855170628225,0.7754178453728732,2.8415243038864695,1.2164104231961481,1.070809641567297,1.059424858348916,2.05527206920878,0.7744448811988789,0.5409388729934608,0.4694393938040881,0.45806955909732766,0.7878135444031888,0.9677115992521548,0.5043754650212847,0.25207282927351904,0.22266808964781218,0.19025032642827988,13.296503689765306,3.1200008392333984,0.004855493885330755,0.004859061919359089,0.868634790592556,0.7412722699754354,2.985002145302663,0.9447076853830965,1.1750706123815498,0.2548941217410652,13651897.670210838,22762082.71220981,7906847842.371094,27021347192.559578,6689739013.6953125,30356389200.495186,7243.749694883823,34522.367499114014,52.35093581690759,84.34853874377063,66189.80397129059,70680.4330277443,12299,2533007,2531147,14159,LearnedRandom_B10,JILONG_EI_0079,0.1,19,0.102891480951129
0.8739681019553769,0.7745889357684755,4.2753821103130045,1.2202907229615616,0.8903004651395459,1.0593950160034047,3.0531736431524,0.7368264809783495,0.556911805097712,0.5527872656076233,0.4320469698198085,0.6598340197571694,0.9620531150624411,0.5548372920904688,0.24736255951415545,0.2073532627370131,0.23787511450578736,11.903286869709309,4.529998779296875,0.003788670493339022,0.00379174557732928,0.8236840458158603,0.7637930685078278,3.716903366525351,0.8724233460202737,1.0802870065491188,0.27234664594577923,19771852.777160645,36418069.187190264,14963974130.214844,48247420689.86666,14974801025.789062,49005519897.72861,7752.237065434456,41530.304752483964,145.9084405651246,335.1282274788109,85870.5268856287,92778.21813547611,13160,3473514,3470697,15977,LearnedRandom_B10,JILONG_EI_0089,0.1,19,0.10567120500902309
0.8623785343095924,0.7245632681517172,3.8714605008389347,1.1509493097080996,0.8788333653657132,1.0467697307675508,2.748595899598405,0.759189276278453,0.520053232282811,0.5029388191945808,0.4358107888881202,0.627924944424579,0.9659667704124386,0.5111777139385988,0.26541752315666145,0.2262357414448669,0.09649893324854018,12.211478979654714,2.700000762939453,0.004870193288509035,0.00487449228975543,0.8466762708376209,0.7308115256708043,2.9244803970374327,0.9011009151028654,1.0616155051337863,0.21521753555335973,14946163.973457336,25931617.838365976,8498413988.09082,31422612033.22519,8706937851.49414,34421923012.18359,6710.265898168087,35330.011182207614,147.5540628761502,374.22750192903914,76112.86833703518,81570.61096382141,12342,2534191,2531956,14577,LearnedRandom_B10,JILONG_EI_0099,0.1,19,0.10471630467983586
0.9072443032549935,0.7272528787154623,2.136658787346677,1.088659187137865,0.9008909188215891,1.0614486304158963,1.5662881910661448,0.767279243186672,0.5275226386461137,0.4737935157529697,0.4212550521510275,0.7501211317529656,0.9654050481221443,0.4998997031027474,0.24690529805206,0.19232477240766782,0.08306967918147518,15.768936336040497,7.350000381469727,0.004435747229588989,0.0044383016046471505,0.8851530575668507,0.7533427267017887,3.0525084616970077,0.9176850517732501,1.3525493598584066,0.17336813751627114,15729365.498896599,26718022.109859217,8548749657.615723,30719942261.082848,7699310958.951172,34298382133.7913,6287.74323451519,35432.725008778274,56.3773914672808,100.19410660531139,69820.58403742313,74914.23455935717,12347,2783522,2781920,13949,LearnedRandom_B10,JILONG_EI_0109,0.1,19,0.10548848865712203
0.8735343749324632,0.7475296757984681,5.2928573584864,1.1660711133713235,0.8687397552610064,1.0468537505745867,3.700255467403879,0.7685954146467976,0.5149421835156189,0.44709127901115725,0.44300132936368286,0.6025496344220571,0.9639746241632906,0.4794312158002519,0.2397800151093028,0.19987893985905142,0.16557552799655303,17.042324300593055,8.3100004196167,0.004564297469342257,0.004567431799424926,0.8693018807778132,0.7492716381292097,2.786529328532803,0.882311175511022,1.4005096998994067,0.21769844647803238,10795196.284452438,18274056.568535265,5293920853.695129,19964594959.49474,4702943611.817383,23527586264.43009,5821.5975813269615,29664.164619132876,158.84214214360685,437.5020383175179,46401.944799244404,49934.99145291746,10908,2389853,2388213,12548,LearnedRandom_B10,JILONG_EI_0119,0.1,19,0.10520813923709223
0.8842982896289465,0.8157314123114001,2.7564799105984092,1.2962008180396027,0.9163201247756749,1.0482583992320766,2.024206098573617,0.7775711203467913,0.555328404892007,0.5475638427152045,0.44893149600582627,0.6591040530696878,0.971252854238202,0.551345724218137,0.21931459938117162,0.1887690453379485,0.2084966526872262,12.931258896951908,4.469999313354492,0.0035477978797710226,0.003550432643773716,0.8270128541280297,0.78802736041617,3.987767729323776,0.8878033073388358,1.1161852394519685,0.2603137492061917,20120773.64230442,33278552.74885588,13163144091.93164,42683483816.23633,13572340834.125,45267366764.873924,8077.128848552704,40077.152742907405,119.7236364075475,275.5953811859654,96526.70590177178,102325.2629685998,12932,3645078,3642373,15637,LearnedRandom_B10,JILONG_EI_0129,0.1,19,0.10056870730414466
0.8804470024862289,0.7339541967652341,4.675077804184745,1.1628007994361746,0.8896854718597017,1.046432394512904,3.3015266524263707,0.7454013017723041,0.5453160570246133,0.49667890717159946,0.4510634664292091,0.5984174298530753,0.9688870215522405,0.5203288053203041,0.25413823858376505,0.2356858126472187,0.10824905566629911,13.354436824071994,5.040000915527344,0.0051119320643067895,0.00511554239103453,0.8786878336611408,0.7362923904102815,2.9212229043538,0.8635316654718653,1.114572790131223,0.2860198312055648,12724392.335190415,22901121.856757905,8154025648.912598,27420508326.108334,7488664967.046875,30356588774.160496,6933.576757371426,34078.62169221509,97.4873816090136,272.2324782969081,64443.67180562019,68648.96600997448,12509,2447020,2445293,14236,LearnedRandom_B10,JILONG_EI_0139,0.1,19,0.10166282515640436
0.8800934591846629,0.8040026085835692,5.674409211776658,1.233783170157515,0.9055409558847177,1.0591721574386643,3.982250953225551,0.7228638862399979,0.532699814707699,0.5086620755940079,0.42783315218784523,0.6392421756853143,0.9701189664414153,0.5204461468560988,0.2343592690570232,0.1935889175257732,0.25943479272790587,13.614929672488024,4.260000228881836,0.003973757367675976,0.003976003088376602,0.8755515719801434,0.7701476686777914,3.511773899077473,0.8811279555319126,1.199567930283383,0.2702629876791644,15079841.09712553,28859161.51000511,9958661912.18164,35094244483.431915,9662575001.234375,37345145842.27022,6829.135645270348,37309.28019087389,132.78104412150222,324.94154228115826,57489.01837193966,61085.04558469355,12699,3195716,3193911,14504,LearnedRandom_B10,JILONG_EI_0149,0.1,19,0.10479022078261307
0.8600367595041208,0.7270444244148965,3.2092234613489374,1.1500133585199657,0.8860752838422076,1.0470064275618451,2.2874270524122164,0.7493672458504238,0.5311330315418863,0.4767416508308593,0.443232649588864,0.6397589009153508,0.9658452669260146,0.5028624759903022,0.2699260340770066,0.23719728151622477,0.08321599260639849,12.267887549291194,3.8400001525878906,0.0052926141471708165,0.005297156975258218,0.8605580637998668,0.7167003508143215,2.6771720471617266,0.8873679343830029,1.0779341996759104,0.36210378637069723,12247670.740301132,21810423.04252069,7052774080.033691,25000767984.394268,6491350183.796875,28560699926.19287,6351.125545728952,32328.623210713267,75.07618491848294,183.4296433017298,71540.48660862446,76689.6539349556,11627,2196835,2194951,13511,LearnedRandom_B10,JILONG_EI_0159,0.1,19,0.10484063262824818
0.8961207029904145,0.7533823614821616,3.854784693422903,1.1082737871007446,0.8791900610640105,1.0621648006131457,2.725225643359002,0.7919797994525225,0.5491982315502069,0.5255538528552777,0.4035200360574589,0.6337838783903768,0.963719318818942,0.5371402928040394,0.24536397544892413,0.18028640976195745,0.11640129128813588,15.200638307113174,6.179998397827148,0.004034425231786481,0.004037169550313794,0.8558048649012869,0.7634994147408518,3.301929756571932,0.9114745495663732,1.188144034247131,0.18304595243000268,20903812.91694033,33327082.84270499,12261129904.683594,40651093598.545715,11945013178.65625,43246621440.80403,6260.976177036762,38451.372286666185,118.89355695233557,295.98925423133187,78411.83086562157,84426.82640565932,12701,3148156,3146016,14841,LearnedRandom_B10,JILONG_EI_0169,0.1,19,0.10207579814501425
0.8879566910920841,0.7488625335445284,3.9466900905068236,1.1446786685707317,0.8796617293570911,1.0566860135025866,2.794665579300218,0.7700359525673506,0.5304852780966383,0.4448223836476961,0.4259357955314369,0.6139258163737212,0.9641874530374072,0.4880974689491494,0.2345299388010323,0.18637690333016843,0.1278081487487875,15.13943691467735,6.059999465942383,0.004265639307364595,0.004268036592379173,0.8836449572530757,0.7646541343564295,3.247725693980603,0.9405100173515927,1.4043528145412691,0.1559183123203411,16069662.452919006,27100964.614665315,9267733823.89502,32932665280.280052,6968754489.2734375,35219395577.81594,6620.364349067211,36491.659354142845,57.62211141184019,152.8823588847772,63866.41585242748,68698.8699157536,12713,2980327,2978653,14387,LearnedRandom_B10,JILONG_EI_0179,0.1,19,0.10552113936726965
0.8780184839534048,0.7457096938094883,2.7385056544698783,1.108103930182072,0.8667680062096934,1.0641057599531105,1.9643530006566152,0.7347839377008463,0.5198947425021206,0.4588313880328297,0.42172270556839964,0.6570682355683335,0.9662830398826263,0.4880252971780644,0.24260155315482765,0.18374212729335368,0.1879849701351073,16.544680955998125,8.34000015258789,0.004515888745527341,0.004519233856159712,0.8591737997767026,0.7492851277195398,2.8333534439500467,0.9256580896560906,1.3588951244254974,0.1646704077865875,13217927.738476038,24481840.55096493,7296484928.797119,26994969340.09335,6604092703.137695,31369451238.91772,5992.093392359093,33691.83037099242,90.81628986690369,210.35014229263106,52197.20696860552,55903.44233979285,11543,2556086,2554194,13435,LearnedRandom_B10,JILONG_EI_0189,0.1,19,0.10273721432223933
0.9133141575973677,0.7404127575050407,3.6392735248697514,1.1529695875819328,0.9956384732556262,1.0462335448902824,2.5786593011172343,0.7776136072127965,0.5402095630427665,0.49771608724899696,0.45127145693912174,0.8370403063977794,0.9730461763305555,0.5178011468415908,0.2724177092876084,0.2363487766256321,0.06184638171531182,14.025944073925485,4.229999542236328,0.005959809449768107,0.005965470527078542,0.8626423690205012,0.7072636988429141,2.426427827964638,0.8783520084827957,0.9868288557015753,0.36761646018343275,12361203.479205608,20442455.090043806,6729684910.631348,23060578331.027157,6640095945.240234,26804702911.097485,6519.125476211309,32012.059092477895,63.97490017285324,91.30969125659489,68389.1315907836,72230.42800281942,11361,1906269,1904460,13170,LearnedRandom_B10,JILONG_EI_0199,0.1,19,0.10519840783651076
0.5498977539889278,0.540421773912562,0.5518892990829315,0.5045934086565853,0.5189882166825149,0.28854117348868785,0.5460152623854369,0.7054905633298403,0.4964768111445471,0.5280623911856432,0.46132504159561877,0.6834507467975645,0.703408956768581,0.5126389037483752,0.8977815456288359,0.9411687972867205,0.0741411459782152,9.42063398575279,1.0200004577636719,0.13500497964020525,0.1431493115893597,0.7035212192878728,0.058685731970710635,0.9986034977490751,0.8727272397821324,0.8652582244290605,0.7601623075718187,17087411.506252766,34331585.49860616,10801820059.323608,43822686784.623886,12416504720.665527,44527558414.58065,8560.144946813583,40222.31467985641,119.6606064340258,256.1750057976751,35872.46010629786,72501.22977417707,10709,79323,74810,15222,RandomPerfect_B10,JILONG_EI_0009,0.1,19,0.1000409250594945
0.4801821016037567,0.5042470084507867,0.5506202258468759,0.46428368853526475,0.5295154205311894,0.2719939551404794,0.5269169877998063,0.7142810469107426,0.49248419378887676,0.48300582281858706,0.4856040202504546,0.7506635396468033,0.781820850138469,0.4875289304779301,0.91379976027368,0.9543835616438356,0.06679211414578892,7.835333444509241,0.3600006103515625,0.1615737083267499,0.17146785606492504,0.7368496901570831,0.04793459014864242,0.9958504420570353,0.801900434698543,0.8455531336622888,0.8095122551760578,12947182.117698759,25376808.590233617,7168421422.784729,29555542556.124622,7627711896.848022,32695617830.375175,8188.199088573456,34723.52818476036,74.60594543470029,132.39841732103378,49484.644262755435,80957.28886890411,10226,63290,59638,13878,RandomPerfect_B10,JILONG_EI_0019,0.1,19,0.10691272965041831
0.5368566718472101,0.5526251709147683,0.5033236853820596,0.565892640881279,0.5276910616108534,0.3002534715375221,0.5290182207840503,0.7159501698015324,0.5103339533996987,0.46654750579183135,0.47704693186351615,0.64079912333145,0.787745441480774,0.48810678922802503,0.8909050300390032,0.9585492227979274,0.09088272180055017,8.293732482047988,0.0,0.10317386707228848,0.10700063484734806,0.7425901201602136,0.08411385894011837,1.0407768612696051,0.7172473448401228,0.6999171785617722,0.8193182700001569,14768425.085460335,28811680.589952502,9377772847.276466,36007318607.353355,8451006280.240234,38825466307.84117,8455.898527622223,37156.73530562222,138.5839371648408,337.49634789254924,57388.739403120475,92481.5048237443,11124,107818,103962,14980,RandomPerfect_B10,JILONG_EI_0029,0.1,19,0.10455565680466325
0.49663436545453793,0.47294413566200133,0.5049618672351186,0.5038434265994514,0.4784937069590752,0.21597697735733426,0.48878366403432544,0.7055926346510217,0.47727241368290835,0.4716666817603556,0.5051558588968884,0.6730974674710408,0.6947055671730031,0.47433640157618934,0.9129418743311608,0.9389763779527559,0.07353554217242483,8.361549341972445,1.0799999237060547,0.16662036961388257,0.17657754381104107,0.7471424384525205,0.04905810347509511,0.9992327216369803,0.6873485799560297,0.7820838652382059,0.8467048276681761,10319236.154957011,20727144.440217003,5682277054.918518,24945357901.363438,6139290713.863647,27596105776.552704,8154.378159046173,31955.091040883213,165.7027417672798,365.74111234099837,37106.07331734663,76885.32242523134,10197,61199,57748,13648,RandomPerfect_B10,JILONG_EI_0039,0.1,19,0.10352045912641589
0.4880232603250828,0.5443791846609642,0.5280340497540319,0.48883643457248643,0.5400974865593244,0.25428763302445534,0.5363301121542488,0.7341546352396418,0.5259515806305813,0.5048201903665323,0.4976259626315259,0.6863441766894832,0.7730717218804347,0.5151976204759358,0.8919001849567437,0.9621706235324811,0.06849517858669874,7.965734323629966,0.17999839782714844,0.11171355285383605,0.11807231571175103,0.674727627684363,0.07213378199245436,1.0176800506069346,0.8190495728502357,0.8424736777697356,0.7842818575484523,18542697.681246877,34403119.76943549,12343267660.158081,44620929967.68163,12028067892.69226,47197874190.75491,10266.014097929,41456.80176700652,73.97598489542361,157.03875714167316,48606.41289073345,81330.60382030904,10714,95906,90741,15879,RandomPerfect_B10,JILONG_EI_0049,0.1,19,0.10158204921387298
0.48835209772769683,0.5331556599902241,0.5041077341791973,0.5260519462946018,0.4858316051559509,0.2739377682448026,0.519287932292811,0.732316792683177,0.508000365466357,0.45540883678953414,0.4919818883006161,0.7048442397776695,0.7805840833114565,0.4812256791534259,0.8851384413287707,0.9576039387308534,0.07000529421806138,7.899084577284438,0.23999977111816406,0.09304153640017865,0.09641587677725119,0.7266638760987861,0.08655293568845675,1.0371674279954535,0.7415198911694416,0.7458158629192223,0.8280676219494199,13458180.37547195,25095066.9514793,7767298581.401489,30098298892.845074,6837408225.7908325,32967696484.868633,8552.993497133255,35336.20548405871,78.81239651238138,158.63836451845418,43455.61962683406,71319.21658104658,10416,111950,108032,14334,RandomPerfect_B10,JILONG_EI_0059,0.1,19,0.10895382445106393
0.5263819691295409,0.525771461575216,0.5234841250532973,0.5067750703495484,0.7288854186117882,0.2865210943291888,0.5246439006241669,0.7092042755747937,0.4986591330444094,0.4659608316178712,0.4938593333356794,1.0306616929237085,0.6946177402958088,0.4822087091770612,0.8831470470523846,0.938985736925515,0.10205590524745924,8.289507174890646,0.029998779296875,0.10244366490278851,0.10794612091469145,0.6677431856349308,0.07816525148710948,1.0187325913006136,0.7898139459009814,0.8263774718743923,0.8010378690272212,16356388.979366064,32519565.917531945,10422198518.718384,41913293246.8365,9531375092.238403,43899213296.85787,10043.585055589676,41179.61009020358,59.96293688093283,56.4482686781848,45303.79934134404,93895.09017384052,10338,100914,95770,15482,RandomPerfect_B10,JILONG_EI_0069,0.1,19,0.10404499757087225
0.5943858506524956,0.5735591627994195,0.5901500387268643,0.5990442180893704,0.6308251220992065,0.35866242067698073,0.5816614456773419,0.7938657460579487,0.5202988493930598,0.4534080967324195,0.5119867960230177,0.6646122878477517,0.7469271413337012,0.486057631405118,0.8366432910845019,0.9528549702751279,0.11391582685461077,8.785140946743564,0.9299983978271484,0.06469661443795204,0.06622852970124139,0.7366339430750759,0.12693317818602556,1.0655657031776749,0.7324029506050103,0.7904675337542698,0.8282433692791222,14345184.018879779,22762082.71220981,7314973019.907043,27021347192.559578,6240633166.062958,30356389200.495186,9049.364739179611,34522.367499114014,37.257550297147645,84.34853874377063,39432.6245035443,70680.4330277443,10430,161214,157485,14159,RandomPerfect_B10,JILONG_EI_0079,0.1,19,0.102891480951129
0.5686179847324954,0.5758845562536333,0.6167959899863369,0.5130844193436442,0.5083762207667757,0.2726305824035604,0.5964190296832136,0.7365905785681308,0.5129607544631155,0.528854044182884,0.47394310890615315,0.6791187639061748,0.800609874565379,0.5210299446075571,0.8992273596547036,0.9405902644691453,0.07336797531936093,8.536573625944712,1.8000011444091797,0.1297235992891217,0.13757656920368028,0.6944357513926269,0.0628643504818996,1.0074219447214539,0.8032867943388305,0.760194043910901,0.7558701314028695,19759194.488688946,36418069.187190264,12695282803.020386,48247420689.86666,13706187243.809326,49005519897.72861,9328.623041152954,41530.304752483964,154.56190779653843,335.1282274788109,59468.62703602249,92778.21813547611,11095,85528,80646,15977,RandomPerfect_B10,JILONG_EI_0089,0.1,19,0.10567120500902309
0.48732030000988874,0.5069115610281916,0.4809063707011874,0.4819597516441762,0.45604285922994536,0.22161106613073792,0.4944427064699828,0.6970053377852595,0.48143582368097093,0.41907177953895836,0.4853688756280183,0.6428075013412109,0.681295562448072,0.4499130326991645,0.9072132854206677,0.9395677694770544,0.0712579950723094,8.754214389835084,1.0200004577636719,0.14731590609409623,0.1552067370350744,0.7434314330795088,0.0553665313281306,1.0023259686112564,0.7588212152804726,0.7355004071642366,0.822609419849732,12598006.285043567,25931617.838365976,7283147230.242859,31422612033.22519,6045217925.116241,34421923012.18359,8323.148096323013,35330.011182207614,154.6313590685604,374.22750192903914,37862.111980264075,81570.61096382141,10837,73563,69823,14577,RandomPerfect_B10,JILONG_EI_0099,0.1,19,0.10471630467983586
0.541280970550205,0.549627052887451,0.5103316054585967,0.47983746840301816,0.5550017117297177,0.27124351923125023,0.5312555927342771,0.7500022215268617,0.5103894253478991,0.46313774720073786,0.4947247659631269,0.678267738335854,0.7690869401817052,0.48603609645815976,0.8917986444181256,0.9434610303830911,0.08687046123158898,8.519785873804773,0.05999946594238281,0.10759982466759899,0.11184760086353725,0.7391210839486702,0.07166932751271571,1.0208808773511266,0.7492935341947825,0.7846708372563559,0.8339343708800304,15028976.469133377,26718022.109859217,8002464027.537964,30719942261.082848,7356885423.10144,34298382133.7913,8672.251360416412,35432.725008778274,46.0940106724147,100.19410660531139,44311.374311422,74914.23455935717,10310,95818,92179,13949,RandomPerfect_B10,JILONG_EI_0109,0.1,19,0.10548848865712203
0.4778999136132524,0.5535943829813439,0.46836304489159136,0.5479807959401535,0.490246299300623,0.2776561034933011,0.5145891211845784,0.7210968231642874,0.4947688621812652,0.42085345048773615,0.4859167805180892,0.666939520042999,0.7318472608443903,0.45627264263855083,0.8987782487960221,0.9227563212003335,0.07734038671576532,9.89683110214455,0.09000015258789062,0.12134540750323415,0.12551933321438585,0.7849059611093402,0.06474521298737339,1.0096524285173927,0.8233373117488123,0.8089831607807997,0.8178377441082999,9502155.417515278,18274056.568535265,4887257519.350967,19964594959.49474,4167150243.1924725,23527586264.43009,7004.157717227936,29664.164619132876,194.60454814599143,437.5020383175179,26745.202055592556,49934.99145291746,9849,81165,78466,12548,RandomPerfect_B10,JILONG_EI_0119,0.1,19,0.10520813923709223
0.5302538109361644,0.5687976456143385,0.6050694900995909,0.5317504476421443,0.4927644600318934,0.27649015417892436,0.5870338313795965,0.7612190487846987,0.5261940180577924,0.5441039060343427,0.4905366813768763,0.6792637310114901,0.7399600541856578,0.5354868641311407,0.8972059914973765,0.9429300389418558,0.11218917431530409,8.134405664734906,0.05999946594238281,0.1288959323824617,0.13695449732749934,0.6865767090874209,0.06481389036090396,1.0118264566564723,0.8316101858212944,0.785644908208985,0.7710734888004422,19283405.15484205,33278552.74885588,11818209172.770264,42683483816.23633,13401361404.848679,45267366764.873924,9643.614405155182,40077.152742907405,127.15949288618867,275.5953811859654,56027.26471526595,102325.2629685998,10736,83292,78391,15637,RandomPerfect_B10,JILONG_EI_0129,0.1,19,0.10056870730414466
0.5538596547379931,0.5270561363661963,0.5446778412171936,0.5487573520267092,0.5195414366922151,0.27073441471178133,0.5356935225953913,0.7222034150766125,0.4839524817750384,0.4520687060239623,0.5026875839768556,0.6116561229005819,0.625300223330721,0.4674716737037724,0.8936247125063438,0.9465151725093529,0.10065296922117953,9.47725362850117,0.4799995422363281,0.13158649589065013,0.1379251745143664,0.7411491992132622,0.06438241103246621,1.0024997137396177,0.8292465491870762,0.81733516096273,0.7855362298229733,11944716.1314857,22901121.856757905,6422157381.636902,27420508326.108334,6203858111.401123,30356588774.160496,8611.490734219551,34078.62169221509,101.84848937675997,272.2324782969081,26841.77106178808,68648.96600997448,10551,80183,76498,14236,RandomPerfect_B10,JILONG_EI_0139,0.1,19,0.10166282515640436
0.4848953127391645,0.47940343664711177,0.5196996532535845,0.5391561307414083,0.5813701395398859,0.23281088123157592,0.49923701928346714,0.6642631112652196,0.46667176126196086,0.4969248080830389,0.46817592469298974,0.6629208296535316,0.6290977769992528,0.48250524674580525,0.9011729319372894,0.9373979314099075,0.07043556270214854,8.813357220164367,1.1700000762939453,0.12574914256553885,0.1318648497293261,0.7305570876999449,0.06437295056921541,1.0129555713281453,0.7907976125487505,0.7922805029280435,0.7765765136185894,12733974.601385355,28859161.51000511,7642913448.877319,35094244483.431915,9221796135.709778,37345145842.27022,8177.772490978241,37309.28019087389,142.8001185117755,324.94154228115826,24175.262776437914,61085.04558469355,10596,84263,80355,14504,RandomPerfect_B10,JILONG_EI_0149,0.1,19,0.10479022078261307
0.48844786952016833,0.5474678752721954,0.5045804175448588,0.47878476987080754,0.45671049780240874,0.28742690774441,0.5272566162476927,0.714510583803597,0.49828438930910524,0.45694189537786684,0.48993037160621905,0.7303165986840489,0.8330702899823239,0.47668566839275234,0.9044142221464829,0.9386962552011096,0.06094467252201379,8.540704375211622,0.0,0.13102077733474313,0.13663597837205904,0.7612315890755681,0.06192106104823758,1.0099442648465862,0.8349912149657337,0.8527170545763558,0.7948627534417284,11134774.388893306,21810423.04252069,6207373996.525452,25000767984.394268,5963356924.379738,28560699926.19287,7759.896619319916,32328.623210713267,97.83446273369191,183.4296433017298,53223.08825519448,76689.6539349556,10285,78499,75273,13511,RandomPerfect_B10,JILONG_EI_0159,0.1,19,0.10484063262824818
0.5270407910757089,0.5782825469938304,0.5653385946706102,0.4714872116281432,0.49454619570615443,0.26063116555404486,0.5721067099807733,0.772888341515851,0.5378105813804478,0.5134077346657417,0.47231864610246155,0.6696750397920249,0.832594446615093,0.5253732530780375,0.9090080004663404,0.9591417191314403,0.09915504222104886,8.556474997199697,1.230001449584961,0.14406667197494494,0.15211086045762165,0.7314870965568357,0.05340652037266136,1.0020315760842093,0.7917841561966046,0.8284654226227454,0.8152126663192508,19908145.84452963,33327082.84270499,11757931314.41565,40651093598.545715,11399268916.152954,43246621440.80403,8577.920674324036,38451.372286666185,132.74071994297265,295.98925423133187,58525.81688479008,84426.82640565932,10856,75354,71369,14841,RandomPerfect_B10,JILONG_EI_0169,0.1,19,0.10207579814501425
0.5289600094708664,0.5336946556307395,0.5363912702392701,0.43090436298621654,0.46769456306092144,0.2293799591180107,0.5349982502499103,0.7782925872125611,0.4905944660356358,0.4514777862042264,0.4964439674482999,0.58181512923244,0.7266371302099146,0.4707858619484397,0.9102478299565764,0.9538789656091708,0.109780709020649,8.8204256336317,0.23999977111816406,0.16919771236550454,0.18061879139072848,0.72794884270522,0.04516199410930512,0.9873218293301985,0.7783444526296666,0.7845479063813754,0.7977750885986906,16416120.725563228,27100964.614665315,7926330375.818108,32932665280.280052,7178846581.672983,35219395577.81594,8993.610760450363,36491.659354142845,51.75203066638346,152.8823588847772,36273.107669080724,68698.8699157536,10473,61898,57984,14387,RandomPerfect_B10,JILONG_EI_0179,0.1,19,0.10552113936726965
0.501543148745773,0.5692327951869922,0.5007002164961557,0.4920994643901528,0.47853532686684497,0.27592737292776187,0.5377255446764958,0.7071253448765367,0.5105874158619652,0.441380384709799,0.4821315192969995,0.612658536294354,0.7499110770539255,0.47464626569889207,0.8996506184768224,0.9433079288674957,0.05981943105571504,9.386785843130202,0.06000041961669922,0.11881999453701174,0.12386564817451376,0.7446966877558615,0.0634241754873665,1.0100109263061012,0.8272554540143936,0.8360371785960982,0.784299800984693,12241563.006221434,24481840.55096493,7037575258.819382,26994969340.09335,6111291214.693695,31369451238.91772,7831.692987203598,33691.83037099242,78.95502731815213,210.35014229263106,31438.230109995377,55903.44233979285,10005,84203,80773,13435,RandomPerfect_B10,JILONG_EI_0189,0.1,19,0.10273721432223933
0.5960592152475275,0.5600576666293041,0.5131933269245843,0.5816634401437298,0.5984197037996892,0.26079467296059244,0.5380461234647551,0.7704893426544759,0.5318107740501447,0.44418587446476004,0.4976521082247128,0.7029839710982148,0.6807509218856009,0.4866736163826079,0.8743549526555733,0.9380430138156958,0.08210502925872623,8.627746583080627,0.6299991607666016,0.08424856808932138,0.08640138731861574,0.7717539863325741,0.09899920664631194,1.0513898003970215,0.7344863827321894,0.7438402081874074,0.8286514124510829,12135741.70042643,20442455.090043806,6522055013.209717,23060578331.027157,5288597130.27459,26804702911.097485,7928.030392408371,32012.059092477895,45.124013416423395,91.30969125659489,33473.15623456647,72230.42800281942,10164,120643,117637,13170,RandomPerfect_B10,JILONG_EI_0199,0.1,19,0.10519840783651076
0.9718358842519842,0.9124078713405098,5.423339990132836,1.1349239310634165,0.9120216322248166,1.0354539341391615,3.833795164825916,0.6924060150708257,0.5657664695700151,0.5106882714089204,0.4209314888053889,0.6393079983358113,0.9665109052645818,0.5387119780232612,0.17764892360589402,0.1313932612417018,0.9136155483926545,14.550209950525444,4.1399993896484375,0.002650125971156949,0.002650925864858259,0.8977795296281698,0.8338190060030664,5.077500532216131,0.9957736933702322,1.9911050148181013,0.13794006088477348,16459457.789012909,34331585.49860616,14027278227.74414,43822686784.623886,11612899023.390625,44527558414.58065,7126.723183393478,40222.31467985641,104.70249492947625,256.1750057976751,67726.54021000862,72501.22977417707,13666,5156736,5155180,15222,LearnedRandom_B20,JILONG_EI_0009,0.2,37,0.21022149093139822
0.9528298063952413,0.7969758596589015,5.316272512582545,0.9774757482406768,0.9434844333472423,1.0222967387127861,3.719904193383991,0.7352982227919955,0.5280189458451615,0.47865984309876874,0.415607762860851,0.8831246570869773,0.9689535449910726,0.5026991397723272,0.19847270643976436,0.15693689435121722,0.5086931369698419,14.569014275630176,4.1399993896484375,0.0034877344150798587,0.003488743731014728,0.9234039486957775,0.8040905259642152,3.8887161681913245,0.8995186918984623,1.4880212578842615,0.17433602981535692,13720313.553375244,25376808.590233617,8240203698.7734375,29555542556.124622,7491064502.558594,32695617830.375175,5997.788514435291,34723.52818476036,103.25873843221781,132.39841732103378,76008.44851922989,80957.28886890411,12815,3674305,3673242,13878,LearnedRandom_B20,JILONG_EI_0019,0.2,37,0.2092354288495294
1.00265938034228,0.8459359216755418,4.802107976673908,1.1055547856813484,0.8622441291258032,1.021045848328025,3.416898904188688,0.7399094432922417,0.5677649662171849,0.4993678804741658,0.4413249378157281,0.6132835011596376,0.9679370733058109,0.5333744618945798,0.18316262561385777,0.14847568070747033,0.7410025214331041,14.25147917583375,4.620000839233398,0.0029521333610317067,0.0029532022348198565,0.8907877169559413,0.8232101133439144,4.724354137379751,1.0697842734819345,1.371646597734559,0.1730908263733536,15773415.072738647,28811680.589952502,11607213251.816406,36007318607.353355,9681839755.296875,38825466307.84117,7236.9319024086,37156.73530562222,126.93799669975532,337.49634789254924,86646.123282969,92481.5048237443,13344,4520121,4518485,14980,LearnedRandom_B20,JILONG_EI_0029,0.2,37,0.1969605698538014
0.9541769450089426,0.766935135517339,2.4832387711493795,1.0452527926065884,0.8500257024878336,1.0163948330726635,1.8171886663343406,0.736819746581842,0.5718610781568387,0.4831755583285812,0.45222193940805916,0.6000824444666646,0.9674227339641992,0.5271447756895955,0.19826930057449335,0.1857319062587037,0.36508343373811447,13.783098729353556,6.209999084472656,0.003677647036615408,0.003679404715632794,0.8850381008206331,0.7991638120385139,3.6871247276566117,1.1135125992246735,1.2911624810042759,0.1904494794543351,11252835.923553467,20727144.440217003,8157757980.39502,24945357901.363438,6442548776.552734,27596105776.552704,6534.965746998787,31955.091040883213,131.7029869258678,365.74111234099837,71957.49194082618,76885.32242523134,12079,3284437,3282868,13648,LearnedRandom_B20,JILONG_EI_0039,0.2,37,0.2010761014669209
0.9512919331055654,0.85736962031405,3.177626754475392,1.1206320198118602,0.9369864743304961,1.0236318921301877,2.3197255580147353,0.6999687961770761,0.553084132250583,0.5071272793089502,0.4552880991869057,0.7977362217067728,0.9649658957011072,0.5299588050079641,0.1768287537446341,0.14766408967060232,0.9400354439796597,12.007132878878734,3.6599998474121094,0.0026741380509438966,0.002675100483509695,0.8814157062787329,0.830709714411578,5.22383523524421,1.000759274157566,1.4676457621463963,0.17357057819218977,16856025.808120728,34403119.76943549,13649634277.867188,44620929967.68163,12138258542.65625,47197874190.75491,8593.466567277908,41456.80176700652,99.93680785857819,157.03875714167316,75731.73835134506,81330.60382030904,13996,5233836,5231953,15879,LearnedRandom_B20,JILONG_EI_0049,0.2,37,0.2053131958217301
1.024024012825525,0.7995409588130872,4.621851155884406,1.083335771564879,0.9160685885001517,1.0215649801343243,3.267571476585593,0.7115523867489776,0.5358447888322095,0.4737721399602952,0.4425799398948555,0.7304770637124477,0.9626910510531862,0.5043502335623821,0.18970276373262052,0.15567304944269791,0.7188582869760535,13.410210048428157,3.0,0.0031282647954156396,0.003129575103613642,0.8819589786521557,0.8131081237077513,4.25806343691694,1.07129223194408,1.5523547018597397,0.15757097254719,12705803.02110672,25095066.9514793,8642113657.049805,30098298892.845074,7399930491.566406,32967696484.868633,6921.550034582615,35336.20548405871,84.64891424274177,158.63836451845418,66096.79989099503,71319.21658104658,12642,4041218,4039526,14334,LearnedRandom_B20,JILONG_EI_0059,0.2,37,0.20538439989483706
1.1543356134454723,0.88807650230536,3.649382825182746,1.131642880252271,1.2313279321059667,1.0349346373694732,2.6404419378017225,0.7301520124194248,0.5651353646542409,0.4848741444611181,0.4612359240757709,1.5027394865724626,0.9732629241826758,0.525609444878429,0.17416587106757242,0.14977561705310397,1.235789648451962,12.851328983902931,3.690000534057617,0.0026375134683097046,0.002638532221939146,0.8723033199844982,0.8323349795091871,5.2358798353474665,1.1500974303047409,1.3773133549601833,0.19627759228005137,17336894.760632515,32519565.917531945,13386182948.370117,41913293246.8365,10320833932.728516,43899213296.85787,8760.491679102182,41179.61009020358,127.47294598037867,56.4482686781848,88941.2527821064,93895.09017384052,13505,5120353,5118376,15482,LearnedRandom_B20,JILONG_EI_0069,0.2,37,0.20196857193664017
1.0295757275182467,0.7609061771341599,2.183075377123587,1.0224640136976075,0.9367601376492409,1.0281034154905069,1.6151591839811965,0.7463614871762183,0.5145498348403913,0.48460654117653734,0.4475291530518242,0.9074533503538281,0.973074561094228,0.49893189260837423,0.20617834965265924,0.1876981158955729,0.5679724044305177,13.314335852262232,6.240001678466797,0.0037540394797597296,0.003755690204004351,0.8951903383007275,0.7914859110388845,3.7297041233592814,1.1114125208015389,1.2838476229875453,0.18741320539789522,12679742.67295599,22762082.71220981,7154213293.842773,27021347192.559578,7129000679.650391,30356389200.495186,6914.2206428050995,34522.367499114014,69.45862472883803,84.34853874377063,66925.47151315212,70680.4330277443,12675,3376363,3374879,14159,LearnedRandom_B20,JILONG_EI_0079,0.2,37,0.19651058563675053
0.913053699529279,0.8578272290944268,4.588063500233416,1.1420317012440897,0.8891585911262253,1.0232441552103517,3.279938865316468,0.7688741481422532,0.5670575542949039,0.5424304633902147,0.4319427763841747,0.7207432251710538,0.9650011023775432,0.5547846823706637,0.18969475665870786,0.1517873426956046,0.634186210471317,12.891608827597612,2.760000228881836,0.002772457393389335,0.00277378755487603,0.8525380234086499,0.8199560122128517,4.900074342259317,0.9567409916625963,1.3835574507929627,0.20195377704380904,21529177.302223206,36418069.187190264,15514164133.664062,48247420689.86666,14418933697.039062,49005519897.72861,7748.49842184782,41530.304752483964,174.0893273016085,335.1282274788109,86397.59357720613,92778.21813547611,13621,4912970,4910614,15977,LearnedRandom_B20,JILONG_EI_0089,0.2,37,0.20242270396377496
0.8841908639499435,0.7435275717472289,4.9377087124599806,1.0380212906396786,0.8407375856616826,1.0174216335389652,3.483446915813927,0.747730141453965,0.5667814914612467,0.4803637938533524,0.4361843389140964,0.6132690224735231,0.9668172769820924,0.5233873332273223,0.20631257423065474,0.17101093072893087,0.21657501619424804,13.927183340133077,2.460000991821289,0.003556218881320791,0.003558204315480561,0.8643753858818687,0.7937090433679508,3.767021957245113,0.9670434429500167,1.4161776666666197,0.17491270670430714,14498376.983917236,25931617.838365976,10094239452.60254,31422612033.22519,7942837202.261719,34421923012.18359,6721.774077057838,35330.011182207614,140.7465495520634,374.22750192903914,76246.95782124996,81570.61096382141,12600,3543089,3541112,14577,LearnedRandom_B20,JILONG_EI_0099,0.2,37,0.19809781429552317
0.8987264194312369,0.8390103998776982,3.9959262487128417,1.0245032906184766,0.9206877887015124,1.0250026657747717,2.8250331547558996,0.7278360657790712,0.5316522667259826,0.4771707368251575,0.4169739258684984,0.7869797877081901,0.9648442403898814,0.5036472310968746,0.17444950488695382,0.11795326688298047,0.47881619935135306,15.330851199356376,7.590000152587891,0.0027768046358566745,0.00277765011374865,0.9012115563839702,0.8355510195332307,4.479377795215758,1.0457312756837358,2.3314735015563586,0.12342297862445832,14153747.670612335,26718022.109859217,8683118636.857422,30719942261.082848,7809464209.371094,34298382133.7913,6160.5906292796135,35432.725008778274,62.05393606489106,100.19410660531139,69739.48947393894,74914.23455935717,12571,4527146,4525768,13949,LearnedRandom_B20,JILONG_EI_0109,0.2,37,0.20626751120334139
0.9067685021902699,0.7841564774740436,3.4818327494480807,1.0218454402996324,0.8266339224761153,1.0160447319940675,2.473815814950593,0.7355057542236701,0.5717781578228753,0.44411387917141526,0.4484426370370826,0.5960148689269794,0.9627945320427879,0.5067260627140999,0.18834834336281078,0.14875487152387873,0.16429296938035767,16.486056226449953,8.3100004196167,0.0032298872389194067,0.0032313624980895165,0.8761555626394645,0.8119071869932992,3.6655377481402613,0.9291257149415955,1.8032790494145121,0.1384036467616747,9885692.890510082,18274056.568535265,6527030256.106293,19964594959.49474,4640513771.143311,23527586264.43009,5965.4871980547905,29664.164619132876,155.41547832126696,437.5020383175179,46288.4043584466,49934.99145291746,10994,3403834,3402280,12548,LearnedRandom_B20,JILONG_EI_0119,0.2,37,0.19911663344164435
1.0327898391299004,0.8897643230616291,4.258239823313547,1.1819024903575632,0.899730973805426,1.0225716420491582,3.062045970770586,0.7184912445813649,0.583204973514136,0.5270143386737204,0.44991734766103436,0.603143898850547,0.9737272120259048,0.5549952228067075,0.17150057454947135,0.13531634235296686,0.8570132329039807,13.858741501932377,4.5,0.0025430089369043187,0.0025442566545344305,0.8383321609004285,0.8385786200229813,5.3020240621810695,1.0126912332069826,1.6854844217297562,0.16345255482853485,17179376.2550354,33278552.74885588,14517849739.089844,42683483816.23633,12572744637.546875,45267366764.873924,8112.64248085022,40077.152742907405,100.25679404180181,275.5953811859654,97019.15406525135,102325.2629685998,13109,5154917,5152389,15637,LearnedRandom_B20,JILONG_EI_0129,0.2,37,0.20222818230625048
1.0366379026007064,0.7705340103132214,4.392715458395817,1.0558413728476022,0.8810208661388115,1.0216831756844886,3.111894331129201,0.7447650736333874,0.535474621714881,0.4869504387150859,0.45392782734516723,0.6019500399195242,0.9702395512825345,0.5105549095390338,0.20054877791962528,0.1745126010461246,0.6006996694634407,15.436783600572523,6.270000457763672,0.0036009852230958032,0.003602805940531769,0.8769317223939309,0.7989069938499652,3.8163538354487243,1.1745276495324068,1.3578572719561397,0.18111486473148444,12702680.107218832,22901121.856757905,7862366547.034912,27420508326.108334,7198176483.299316,30356588774.160496,7021.916099727154,34078.62169221509,98.64176443335286,272.2324782969081,64623.71925702691,68648.96600997448,12484,3466829,3465077,14236,LearnedRandom_B20,JILONG_EI_0139,0.2,37,0.2014999757512641
0.940423129789847,0.8300752954521471,2.549089971015319,1.0881509103338751,0.8738245922202106,1.0272946085533283,1.8680325571023983,0.7091423974801011,0.5488203721256506,0.5068125874016529,0.41724209136082857,0.6296314133313791,0.9674479724601119,0.5275816895789811,0.18868220784951467,0.15125352396294806,0.5460702391249069,14.339370917398613,6.210000991821289,0.0030607436817505426,0.003061839971289208,0.8952702702702703,0.8193810003284115,4.384391580829011,0.909973615825278,1.5418136894457057,0.16085161918695906,14512779.9833107,28859161.51000511,10570519826.72461,35094244483.431915,9592436769.171875,37345145842.27022,6495.208509922028,37309.28019087389,128.81843318477976,324.94154228115826,57172.8892339468,61085.04558469355,12985,4242433,4240914,14504,LearnedRandom_B20,JILONG_EI_0149,0.2,37,0.20424805946300534
0.9247261757942993,0.7495030075220657,5.562432745765683,0.9880683495950151,0.8812067560264523,1.0168322905280183,3.897021948677205,0.7339071645533869,0.5573806888036932,0.44881160897765465,0.43462314927253604,0.5972626078195848,0.9671091652572115,0.5024163751779679,0.20953867748021085,0.18400542189088445,0.34745149260198827,13.36964802402006,5.820001602172852,0.003981441392948665,0.003983075263180828,0.9065946266005477,0.7831995909305947,3.432430208505673,0.9518443003194078,1.2625408008713577,0.19785721052058827,11747524.087093353,21810423.04252069,7767069398.476074,25000767984.394268,5753034919.119995,28560699926.19287,6106.789051542059,32328.623210713267,65.43350343941788,183.4296433017298,71727.84387207031,76689.6539349556,12249,3076524,3075262,13511,LearnedRandom_B20,JILONG_EI_0159,0.2,37,0.2054958589965788
0.9029791633830992,0.8982155876490482,5.424744923090807,1.09217957920148,0.875273114069922,1.027395186036353,3.813572049751056,0.7222988761721442,0.5858842453538449,0.5263130656420408,0.4206320612362105,0.6194597393307416,0.9655215724936467,0.5559748539493434,0.16961719036739786,0.11339151369244659,0.5559886107412936,14.872340536498008,6.3899993896484375,0.0024762269640815756,0.0024769905259522844,0.8892931743143992,0.8446305597537181,5.057294136431728,1.006103671743213,2.1776690653446655,0.11733380760733354,17387261.238433838,33327082.84270499,13953908573.992188,40651093598.545715,11979549533.296875,43246621440.80403,6803.252475142479,38451.372286666185,113.58006564313379,295.98925423133187,78705.38137793541,84426.82640565932,13198,5329883,5328240,14841,LearnedRandom_B20,JILONG_EI_0169,0.2,37,0.20572866813180082
0.8838854435039222,0.772534074717585,4.745324096951906,1.0400493175969387,0.8672776018901356,1.0234379074319415,3.343677873571279,0.7255028748751128,0.5219160626691003,0.48890770726601007,0.4373503182383373,0.7232039104960866,0.9682920018660066,0.5051275056146135,0.17596701783681276,0.13814942587920293,0.4459922129083802,15.565986047118482,3.6299991607666016,0.002949851138979321,0.0029509935065613084,0.8839924932230486,0.8282246380505857,4.339911064949638,0.9897805904788326,1.7793796092562264,0.11817587899660288,14264712.550544739,27100964.614665315,8970738689.914062,32932665280.280052,8418518406.527344,35219395577.81594,6979.953121960163,36491.659354142845,79.96112699756317,152.8823588847772,64411.332285284996,68698.8699157536,12718,4311404,4309735,14387,LearnedRandom_B20,JILONG_EI_0179,0.2,37,0.20342541046303175
0.8773138581861474,0.8611137675415379,5.312782423736573,1.0561648189240571,0.8790522244580926,1.0265334310716683,3.7167683370172666,0.7118208464333803,0.5350561349723855,0.45905828536467447,0.4202801424086063,0.6015662795539034,0.9638663742594745,0.49565964825982733,0.16274020333409703,0.10980120203421175,0.3883162457154912,16.29697203511556,7.5,0.0026981835870156937,0.002699014554176915,0.8975809452921474,0.847078844431573,4.384834819715949,0.9779024497685354,3.016521576759109,0.11635808214927656,12404677.28514731,24481840.55096493,7728256621.621559,26994969340.09335,6610625915.787094,31369451238.91772,5951.169870398939,33691.83037099242,76.12192781541229,210.35014229263106,51936.443923041224,55903.44233979285,12059,4469303,4467927,13435,LearnedRandom_B20,JILONG_EI_0189,0.2,37,0.20420152954219237
0.9992738047535336,0.7646965563642952,3.619397845066972,0.9581865829255675,0.957327279053409,1.0194584118868568,2.5688787100968398,0.7177165358602831,0.5302855922431378,0.45739785491151996,0.4363890867109731,0.9147819879400984,0.9748993155274951,0.49244809448255605,0.22725966789887309,0.19275740242261102,0.36185908450535903,13.8895807310001,6.180000305175781,0.004917139702614909,0.004919832183532033,0.8998481397114655,0.7583466866861814,2.8618757498314147,1.0004169478501792,1.1345018883557054,0.25363105230881194,10530256.667000055,20442455.090043806,6484699411.705078,23060578331.027157,5607886886.949219,26804702911.097485,6096.230398535728,32012.059092477895,76.41033149878446,91.30969125659489,68649.87001144886,72230.42800281942,11851,2410141,2408822,13170,LearnedRandom_B20,JILONG_EI_0199,0.2,37,0.20150481486302865
0.43802969540307296,0.42832720861019974,0.4756882090068673,0.3284852671689311,0.37759878143159964,0.16508619021457896,0.4519244441062003,0.6916190678545387,0.4322283398447165,0.4747475394346509,0.4685547114106597,0.658686156595815,0.6110567114980219,0.4541553877824192,0.952463066030184,0.9777777777777777,0.0778999862533489,7.512887467590856,0.7800006866455078,0.32214219656419024,0.3597133558643134,0.7551570095913809,0.021642671446588775,0.988655371355347,0.6200828961619771,0.6077609548360632,0.864850783621315,16422065.3817797,34331585.49860616,8187012969.556503,43822686784.623886,10035853825.37082,44527558414.58065,8830.548450231552,40222.31467985641,111.14599725976586,256.1750057976751,27071.25627409597,72501.22977417707,11495,35683,31956,15222,RandomPerfect_B20,JILONG_EI_0009,0.2,37,0.21022149093139822
0.4072953185009043,0.4127955363164796,0.4414672495402344,0.32589140296566826,0.3674531432770296,0.15501691584293664,0.4267374124737335,0.6864706554742719,0.4483612190234118,0.4203396974376862,0.4744870150691721,0.640657394375253,0.6047088636153068,0.4338694318048062,0.9527249049286522,0.9759152215799615,0.04907159421479315,8.002978891398467,0.4200000762939453,0.301618033467017,0.3286420348381653,0.7857760484219628,0.0232652553247188,0.9929323713245007,0.7315601407818056,0.7068796585000539,0.8506352535411228,11958617.039600164,25376808.590233617,5941485187.267281,29555542556.124622,5776840316.952179,32695617830.375175,7817.583169937134,34723.52818476036,54.341857560764765,132.39841732103378,29603.879289213393,80957.28886890411,10905,36155,33182,13878,RandomPerfect_B20,JILONG_EI_0019,0.2,37,0.2092354288495294
0.44059019760167895,0.43937386820962304,0.45425886830516354,0.3805621684183778,0.37367999192910695,0.1723414264960531,0.4467366362926672,0.709416329990548,0.4539561285090359,0.43793113575895243,0.4820824011707249,0.6709932163327154,0.6285768425164497,0.44571381048851394,0.9432037548378782,0.9786125582670688,0.05152663381119085,7.110211322110303,0.3299999237060547,0.22068857344521997,0.2380710659898477,0.7514018691588785,0.03660040384526458,1.0058970065327049,0.6372629578849657,0.6434477820541853,0.8507803898533469,14500098.550977059,28811680.589952502,7420250188.541153,36007318607.353355,7446090793.309805,38825466307.84117,8635.353160619736,37156.73530562222,151.95162072776293,337.49634789254924,36540.260734920856,92481.5048237443,11256,51004,47280,14980,RandomPerfect_B20,JILONG_EI_0029,0.2,37,0.1969605698538014
0.4496141835065911,0.49904331082199027,0.4869037523810016,0.3776951225864101,0.39540657310553606,0.17958226915996006,0.49317441702822273,0.7037069220316755,0.4939060766248617,0.4179275374907467,0.49262517098109726,0.66238254431068,0.6630475681868683,0.4555828316568029,0.9419178150328007,0.9701977401129943,0.07161467479711663,7.263237544744134,0.6300010681152344,0.2538915855670596,0.2737232863293032,0.777989449003517,0.031042628796861267,0.9956811392376631,0.6810998836300775,0.6434215878472778,0.860167037098865,10264153.064744908,20727144.440217003,6085250744.093475,24945357901.363438,4820030395.55777,27596105776.552704,7754.847404295579,31955.091040883213,160.46914528795878,365.74111234099837,33801.254040787346,76885.32242523134,10618,41821,38791,13648,RandomPerfect_B20,JILONG_EI_0039,0.2,37,0.2010761014669209
0.38964070838922377,0.45348296424646317,0.45748756887608993,0.33902046839740224,0.3506522111236212,0.1514300142369983,0.455474666373698,0.6241764639422428,0.45538836495530677,0.45164948498662216,0.46374489599322066,0.5772336776341858,0.5654719205131574,0.4534703085123901,0.9445859136317668,0.9733280777821574,0.06298955897058259,7.066285853939397,0.17999839782714844,0.268140589569161,0.2952854217649703,0.7446942502676491,0.02832015970669123,0.9922072294197636,0.5709385025905027,0.5758337853487439,0.8662671616354416,13403326.730495125,34403119.76943549,9253424333.595505,44620929967.68163,9627764906.02832,47197874190.75491,8915.67195224762,41456.80176700652,52.32511264937057,157.03875714167316,26006.15130332124,81330.60382030904,11825,44100,40046,15879,RandomPerfect_B20,JILONG_EI_0049,0.2,37,0.2053131958217301
0.44182200088493095,0.4982755989166824,0.49626917629427464,0.3708582362564546,0.4289328919690156,0.19827874918861924,0.497304708053754,0.6901848390482799,0.4917386041553558,0.4487468472852425,0.49069415791308224,0.6930479080374033,0.7435819826510585,0.4697557600311265,0.9426678510978079,0.9745739417262232,0.0656485681813444,7.198500111299966,0.23999977111816406,0.23976883273973523,0.2609904176724453,0.7467559648388447,0.031323748602658054,0.9945261532522679,0.5470094189960624,0.5747018146011679,0.8807348760680868,11954163.429626875,25095066.9514793,7277974990.610558,30098298892.845074,6638828107.869316,32967696484.868633,8508.278292179108,35336.20548405871,76.19644995877024,158.63836451845418,39433.40507889184,71319.21658104658,10704,44643,41013,14334,RandomPerfect_B20,JILONG_EI_0059,0.2,37,0.20538439989483706
0.4740042446211437,0.4741962338536376,0.47676053493575304,0.38448555652314464,0.553782524989451,0.17783893955706812,0.47546345241230253,0.7133405580284473,0.4616846774021,0.4381323822106306,0.49354816134332985,0.6832127572395087,0.5112235962966349,0.449790101766137,0.9312666532484491,0.9781694915254238,0.0631090989854873,7.740212907922183,0.029998779296875,0.20204039429241055,0.21603095632946379,0.7572665030357835,0.04229484253300866,1.0045892079483787,0.7353638078161555,0.7405636798508379,0.8289414400210326,16547735.641278993,32519565.917531945,8933933354.480835,41913293246.8365,8426892297.071732,43899213296.85787,10030.932473897934,41179.61009020358,26.348904319085705,56.4482686781848,24539.441011109622,93895.09017384052,11724,58028,54270,15482,RandomPerfect_B20,JILONG_EI_0069,0.2,37,0.20196857193664017
0.47716181278795333,0.4540202993909342,0.5104639684943768,0.3887619928045436,0.4140219405824401,0.1991314699389709,0.48220973380404,0.7084047414142258,0.4546941827434865,0.431327037306306,0.49861833493501995,0.6444657174904227,0.5621630972698841,0.4424852649373281,0.9313577694073518,0.9714524439493106,0.08802621555776705,7.5657447678241745,0.779998779296875,0.21671402173697074,0.23168426195382033,0.770322762906985,0.036827337540814416,0.9951989002040227,0.6514711718910356,0.6011167068771314,0.8697488631353337,11422861.622125149,22762082.71220981,5586577058.907562,27021347192.559578,5647594114.043564,30356389200.495186,8582.959428787231,34522.367499114014,35.032989834668115,84.34853874377063,22336.94980044826,70680.4330277443,10907,50329,47077,14159,RandomPerfect_B20,JILONG_EI_0079,0.2,37,0.19651058563675053
0.46626016495205247,0.5040038912074354,0.5683980392335812,0.34783528378002854,0.34000533308246517,0.18492237884698112,0.5367391151646248,0.7477083525500192,0.5046932614014011,0.5566486487058202,0.46834108130477287,0.5964131349231638,0.6630126722879598,0.5315086304848529,0.9414748901299365,0.9789336801040313,0.0875810761788355,7.8631691554902305,0.0,0.2330271888655122,0.25612576155111844,0.720973899981223,0.032405922665890395,0.9956573640592838,0.7164746013325684,0.7370442075167765,0.8182990083356255,20360169.109596938,36418069.187190264,12289355661.293457,48247420689.86666,15184738570.10913,49005519897.72861,9109.396936655045,41530.304752483964,119.20800183597021,335.1282274788109,40783.98757699737,92778.21813547611,11519,49432,44974,15977,RandomPerfect_B20,JILONG_EI_0089,0.2,37,0.20242270396377496
0.3818385216029347,0.4153116148195092,0.3893312948552217,0.3592964348217984,0.3923084870805325,0.1713470064049434,0.4028932911552651,0.6694706985721834,0.4716110861848524,0.3910285779595752,0.48311665845225504,0.6289460139604608,0.6900398429171459,0.43136638734771915,0.9426276444361774,0.9732562827576938,0.05498623651564602,7.121914962504772,0.2700004577636719,0.2521224178213699,0.27556825364718973,0.7476847087878165,0.029520530856954556,0.992596117356611,0.636840919095448,0.6347546050994448,0.8640641201741682,11622318.15189901,25931617.838365976,6988923622.600616,31422612033.22519,5263227300.047653,34421923012.18359,8246.084871411324,35330.011182207614,148.03432873100974,374.22750192903914,38840.25302467526,81570.61096382141,10899,43229,39551,14577,RandomPerfect_B20,JILONG_EI_0099,0.2,37,0.19809781429552317
0.4075450071171151,0.5127813836939272,0.4333132028836058,0.3274436885134385,0.4197305522272514,0.18030404692094965,0.47655067747158225,0.6810934982355601,0.5029749389008256,0.4276762649780919,0.48330426181814184,0.669317235052924,0.6845731242524414,0.4647762534050417,0.9477060384532486,0.9729982622644031,0.05712047360965817,7.217333457646546,0.3000001907348633,0.27756229743371763,0.30602501391289066,0.7490142662556456,0.02388996159210565,0.9881416217818029,0.7552444802167207,0.7604503829690523,0.8492814219822963,12394179.281010985,26718022.109859217,7771647396.055481,30719942261.082848,6273413756.523846,34298382133.7913,8276.482542037964,35432.725008778274,44.88551307039029,100.19410660531139,35107.83403646771,74914.23455935717,10448,37642,34141,13949,RandomPerfect_B20,JILONG_EI_0109,0.2,37,0.20626751120334139
0.40503739445284365,0.4621760739968579,0.41883847394515616,0.3829817572302383,0.38013180431297877,0.16803703259922315,0.44197645449327577,0.6872095121100499,0.4702108128060247,0.4038873125609821,0.49582407131421263,0.6363847811796466,0.6185638328155174,0.43558802340289127,0.9402675761482724,0.9611420612813371,0.059962865232640855,8.068098766073375,0.26999950408935547,0.20793243981345322,0.22019042534258765,0.7888109658909787,0.03541238091324688,1.0014998739160281,0.5671666316475062,0.6428234975267754,0.9080826474108555,8630049.55281192,18274056.568535265,4414136178.567184,19964594959.49474,3837936597.6378403,23527586264.43009,7292.683013796806,29664.164619132876,177.18202099043864,437.5020383175179,19106.187114083674,49934.99145291746,9898,47602,44952,12548,RandomPerfect_B20,JILONG_EI_0119,0.2,37,0.19911663344164435
0.4254716852326477,0.4752506974083251,0.4441455154079875,0.37705438448906414,0.3988681045401,0.1420620201836042,0.4601153003334462,0.6276300073682438,0.45904071729600665,0.4600283414349529,0.47060881021282464,0.633370125967215,0.5100138534500673,0.4595493020151639,0.9421383548034069,0.9743975903614458,0.07186037497803631,7.3789512278525144,0.09000015258789062,0.21023796347537355,0.2280768461076646,0.728848244548187,0.0390207058791254,1.0071371461431262,0.6201834181652782,0.5943293086999007,0.8405880492777081,13109068.40190059,33278552.74885588,8994194568.302795,42683483816.23633,9579755150.567947,45267366764.873924,8875.993312597275,40077.152742907405,110.5572137856143,275.5953811859654,26616.24682685046,102325.2629685998,11397,54210,49970,15637,RandomPerfect_B20,JILONG_EI_0129,0.2,37,0.20222818230625048
0.4527317737114226,0.5011475356061867,0.43767073787515376,0.4249408828219348,0.40024171459323704,0.17903068475559125,0.4713637225085325,0.6793543756440508,0.48623822939179145,0.4392915929520976,0.4951951070950072,0.6581517448635275,0.5811523170225836,0.4621670035631912,0.9325381660910504,0.9730446927374302,0.08982356521613692,7.358936291267264,0.0,0.20078702735585424,0.21586380265282348,0.7419218881708345,0.03981480665709276,0.9997357596469749,0.6998887495540919,0.7342923837012245,0.8379099143212967,10569379.98247098,22901121.856757905,6482965405.428808,27420508326.108334,5858126577.979199,30356588774.160496,8356.698068469763,34078.62169221509,117.92123280433589,272.2324782969081,23185.36555187691,68648.96600997448,10562,52603,48929,14236,RandomPerfect_B20,JILONG_EI_0139,0.2,37,0.2014999757512641
0.40400131854604177,0.4106026513990893,0.4484751723303315,0.35298294607691716,0.3605681035867019,0.1403930274166789,0.4292788493160399,0.6390513532619871,0.45160919555269313,0.45547490009226277,0.45745920350064306,0.7079223764396534,0.5980400033962855,0.45360622119389965,0.954139021119334,0.9762067550936688,0.06936018766330414,7.921901514622527,1.1099987030029297,0.28137447688196443,0.3072708752030394,0.7695118587975731,0.02586887047475237,0.9984871881627562,0.5782539332130172,0.5828190041831821,0.8911748969402027,11785695.774473429,28859161.51000511,7157501536.736542,35094244483.431915,7747526284.4678955,37345145842.27022,7807.672878503799,37309.28019087389,162.84578327083727,324.94154228115826,21847.17929572705,61085.04558469355,11161,39666,36323,14504,RandomPerfect_B20,JILONG_EI_0149,0.2,37,0.20424805946300534
0.40305894825852384,0.39449714299653094,0.3979671340708354,0.33585187083167845,0.3599763155126229,0.1572430347760913,0.3961714615598633,0.6990400106606768,0.45506248315289727,0.39497017823463315,0.48756249540833374,0.6421216340211788,0.6321685807833267,0.4240803429856611,0.9521295161597829,0.9542665923034022,0.05953449061452255,7.072826223744863,0.6299991607666016,0.3127933923584289,0.3432110839445803,0.7792169343497891,0.0226499436157784,0.9912830115015577,0.5725553486797205,0.52000875607193,0.8706278754829525,10657814.50782486,21810423.04252069,5177205624.971582,25000767984.394268,4455510364.29574,28560699926.19287,7685.069366931915,32328.623210713267,75.63174590571725,183.4296433017298,30648.032012839656,76689.6539349556,10528,33658,30675,13511,RandomPerfect_B20,JILONG_EI_0159,0.2,37,0.2054958589965788
0.40966887819605463,0.4089336341785617,0.4729009125446357,0.37169372304911436,0.38507276751447933,0.19433013490626228,0.44079442742861397,0.6452356304656,0.4155684421144242,0.48262428432266724,0.45405821176443084,0.6469681520552937,0.6983894658538055,0.4513793445153629,0.939658239704773,0.9739007456929802,0.07812086353331178,7.735714411096914,0.2700004577636719,0.1986862265114559,0.21197204268750938,0.7601913617680749,0.03793330488715015,1.0041425858304789,0.6273891053376266,0.630719094332156,0.8601918644042839,13875031.70011422,33327082.84270499,7020327199.139603,40651093598.545715,10073271187.172684,43246621440.80403,7927.475577116013,38451.372286666185,123.89156794041628,295.98925423133187,41179.00272529025,84426.82640565932,11282,56783,53224,14841,RandomPerfect_B20,JILONG_EI_0169,0.2,37,0.20572866813180082
0.36386516755631537,0.36553756880928506,0.437356128465354,0.312643610328205,0.35239636721696826,0.15661537085998722,0.4018166919272178,0.6395451333888297,0.4039700902552707,0.42427314437184427,0.46808699927231934,0.5948503792027294,0.5923633990752524,0.4145863984862961,0.9474610349461697,0.9685828877005348,0.05821426754268913,7.775827440212098,0.12000083923339844,0.3083941605839416,0.34095847042026195,0.7635365260304442,0.02181687640243468,0.983785968099602,0.6103739590845012,0.602038949187811,0.8591786863005982,11084781.738819815,27100964.614665315,5374342039.697189,32932665280.280052,6339762429.810944,35219395577.81594,7995.521038532257,36491.659354142845,54.0969600139606,152.8823588847772,24106.048503716185,68698.8699157536,10985,35620,32218,14387,RandomPerfect_B20,JILONG_EI_0179,0.2,37,0.20342541046303175
0.38610237673361986,0.47193683795963226,0.43645015841915835,0.33014044464465003,0.3559364651385717,0.14700148813175623,0.45540254257336366,0.6759996001004343,0.4743229528447313,0.4477125409633771,0.4807780840039293,0.609143924089466,0.590806627469499,0.46021179910462173,0.9497336714504636,0.9703435319377348,0.054396454039583264,7.640935356253021,0.2700004577636719,0.30197448269737426,0.33394441352669657,0.7592854484555266,0.02070508618883836,0.9852082946724063,0.6415019409538006,0.5841391739484643,0.8705109759397965,11187600.331166612,24481840.55096493,6073389307.821144,26994969340.09335,6287897314.31778,31369451238.91772,7787.784586310387,33691.83037099242,78.05174976424314,210.35014229263106,19513.234689570207,55903.44233979285,10201,33781,30547,13435,RandomPerfect_B20,JILONG_EI_0189,0.2,37,0.20420152954219237
0.3828608264678949,0.5073909867487683,0.38629915821575694,0.35302494455946476,0.420659356989564,0.14309594549334587,0.4532546755952892,0.6171793848970636,0.4633030455111684,0.3641930917644903,0.4822317910056064,0.7424728196849368,0.5162539420407833,0.41299417835615293,0.9487930892819126,0.964367816091954,0.05448192126325476,8.465319276067381,0.0,0.2610005727519486,0.2797320380057649,0.7958238420652999,0.029403831077502954,1.0006427448817377,0.6440996666897356,0.7336090532290908,0.8780350260823476,7786743.605134584,20442455.090043806,4949946496.845451,23060578331.027157,3555284874.960737,26804702911.097485,7444.3243200182915,32012.059092477895,50.335918030915565,91.30969125659489,19250.718793457607,72230.42800281942,10481,40157,37468,13170,RandomPerfect_B20,JILONG_EI_0199,0.2,37,0.20150481486302865
