__change_den_c,__change_den_dz,__change_den_h,__change_den_hu,__change_den_hv,__change_den_ice,__change_num_c,__change_num_dz,__change_num_h,__change_num_hu,__change_num_hv,__change_num_ice,__new_intersection,__new_pred,__new_truth,__new_union,active_cell_coverage_fraction,budget_fraction,budget_max_count,case_wall_runtime_seconds,change_region_c_rel_l2,change_region_dz_rel_l2,change_region_h_rel_l2,change_region_hu_rel_l2,change_region_hv_rel_l2,change_region_ice_rel_l2,change_region_momentum_rel_l2,debris_front_final_error_km,debris_front_mae_km,false_positive_wet_fraction,final_wet_iou,front_zone_h_rel_l2,front_zone_momentum_rel_l2,front_zone_wet_iou,mean_wet_iou,method,mixture_volume_relative_error,newly_wet_iou,newly_wet_precision,newly_wet_recall,scenario_id,selected_patch_count,trajectory_c_rel_l2,trajectory_dz_rel_l2,trajectory_h_rel_l2,trajectory_hu_rel_l2,trajectory_hv_rel_l2,trajectory_ice_rel_l2,trajectory_momentum_rel_l2,wet_overprediction_ratio
40222.31467985641,72501.22977417707,34331585.49860616,43822686784.623886,44527558414.58065,256.1750057976751,8068.9610414505005,67864.63769173622,22095615.4529984,13262645168.084473,19516007944.126465,110.50622796408493,10705,1210032,15222,1214549,0.0,0.0,0,13.195146499987459,0.44789403604056677,0.9674957832143052,0.8022433415832705,0.5501303117390279,0.6620351555809946,0.6567876836067564,0.6091043099966342,2.520000457763672,11.474366307048731,0.5947240365573145,0.21419871237167218,0.9474652190096193,0.9522262298561278,0.5753343574729302,0.3580452322154162,FrozenGlobal,0.24703411353459734,0.008813971276580854,0.008846873471114814,0.7032584417290764,JILONG_EI_0009,0.0,1.6980102646508524,1.1368931773491993,1.0116978740898634,0.793966765648634,4.10642282360843,1.0542511275392152,2.9164035032111135,1.6705627353361099
34723.52818476036,80957.28886890411,25376808.590233617,29555542556.124622,32695617830.375175,132.39841732103378,6904.712146759033,76023.08014392853,16317721.831820477,8684316768.178955,9162458776.98706,58.461948977382946,10293,1085994,13878,1089579,0.0,0.0,0,13.480954099999508,0.44592401909121504,0.9690468022715261,0.8018834694740863,0.5420612473033399,0.5293723366241737,0.6645004019463956,0.5354342586795394,4.1100006103515625,11.74659593905329,0.5737960516047795,0.2284006755878914,0.9425433650652951,0.9505037243457831,0.6049987455302209,0.3723072957207813,FrozenGlobal,0.2571226445830226,0.009446767971849677,0.009477952916866945,0.7416774751405102,JILONG_EI_0019,0.0,1.5711540955173149,1.1209715892040364,1.003534919300496,0.764795454571607,4.297086717988478,1.0638947335988644,3.0214777611012598,1.6108491892638177
37156.73530562222,92481.5048237443,28811680.589952502,36007318607.353355,38825466307.84117,337.49634789254924,8331.05643209815,86740.71957421303,18457007.157070227,10608485915.71099,14144447624.025532,150.34417528911575,10515,1235131,14980,1239596,0.0,0.0,0,13.054262200006633,0.4735122989466186,0.9684653039773531,0.8003802150296607,0.5427893418270993,0.6035797428389665,0.6674346736016302,0.5751318037408467,1.9500007629394531,12.046479171535498,0.6098988765988146,0.21345385016513124,0.9456017494518016,0.9448559728108163,0.5971409667448065,0.34827654420723086,FrozenGlobal,0.2043355075209744,0.00848260239626459,0.008513267013782343,0.701935914552737,JILONG_EI_0029,0.0,1.8021171703302636,1.109344454009909,1.0177542579918426,0.7923091895741187,4.658048868363546,1.0337207686537178,3.3108908728815143,1.743230415667466
31955.091040883213,76885.32242523134,20727144.440217003,24945357901.363438,27596105776.552704,365.74111234099837,7616.990192055702,71942.13663947582,13336244.188495044,7361897812.72034,7231748835.802757,166.45517100680763,10027,1121101,13648,1124722,0.0,0.0,0,13.578004299997701,0.4882268599565907,0.9673195073244646,0.802134198312757,0.5432503599991004,0.5119148955457495,0.6746239496997244,0.5270245302081243,4.649999618530273,14.881690332377461,0.5995181210359648,0.2200692929552162,0.9421803664765495,0.9412011673237198,0.6359549353129123,0.35112863532429917,FrozenGlobal,0.19041891598463057,0.008915091907155724,0.008943886411661394,0.7346864009378663,JILONG_EI_0039,0.0,1.7954139901324022,1.1036313071826496,1.0170897912231724,0.7782735001431168,5.034308917368157,1.0005056984842493,3.5555139980256287,1.678775409357382
41456.80176700652,81330.60382030904,34403119.76943549,44620929967.68163,47197874190.75491,157.03875714167316,9333.297550916672,75563.18106269836,22522395.31808144,14344274708.648203,17008578676.096588,76.10474600216462,10113,1168996,15879,1174762,0.0,0.0,0,13.093903300003149,0.4744819090142925,0.9638914278247707,0.8091115017410052,0.5669829356437057,0.6003061497997162,0.6961493880342086,0.5843495577124268,1.3800010681152344,10.388181961708135,0.6010358696485255,0.21065608274700823,0.9487051073839355,0.9461457598852107,0.580717671381555,0.3431622833888123,FrozenGlobal,0.29291145477922814,0.008608552200360584,0.008651013348206496,0.6368788966559608,JILONG_EI_0049,0.0,1.652829663912546,1.1424759946564835,1.0085351939508205,0.8024268708318263,3.0636181610600053,1.1508739379434376,2.2320564169277186,1.6138988093755655
35336.20548405871,71319.21658104658,25095066.9514793,30098298892.845074,32967696484.868633,158.63836451845418,7606.962638139725,66541.09319448471,16156429.878758337,8667186573.63086,10528332738.526855,68.29088675107823,10280,1099142,14334,1103196,0.0,0.0,0,13.630536200013012,0.4639761808418066,0.9659211683211828,0.802377091400228,0.5366215352178447,0.5651132619904842,0.6561109170902404,0.551699138320177,3.0,11.308943895413213,0.58421710473456,0.22189291927066554,0.945349733128861,0.9435564631674895,0.5991852411197106,0.3607421169418987,FrozenGlobal,0.24506079574071013,0.009318380414722317,0.009352749690212912,0.7171759453048695,JILONG_EI_0059,0.0,1.6321636634517174,1.124621086111612,1.0070739734514516,0.7693106031453227,3.886190923960044,1.079588070473533,2.7605661942289115,1.6121735400716293
41179.61009020358,93895.09017384052,32519565.917531945,41913293246.8365,43899213296.85787,56.4482686781848,9354.650477916002,88810.71224737167,21247337.99873373,13356103555.587008,14581109147.240952,65.00206787742647,10123,1152592,15482,1157951,0.0,0.0,0,13.902030099998228,0.4766204447848681,0.9725484249415156,0.8083136138827857,0.5645000644805501,0.5763242738031166,1.0730952520080987,0.5705796040891604,1.4099998474121094,10.28790215918651,0.6057407015010834,0.20889251222877211,0.949595424820844,0.9515242581490367,0.5752821727594108,0.3376040932050282,FrozenGlobal,0.28306591828583205,0.00874216611929175,0.008782812998875579,0.6538560909443224,JILONG_EI_0069,0.0,1.6466094875278237,1.1244979151062446,1.010094327443164,0.8131892337937722,3.254404038990235,1.4516050016686848,2.358324862237012,1.6205314653853922
34522.367499114014,70680.4330277443,22762082.71220981,27021347192.559578,30356389200.495186,84.34853874377063,7704.4785967469215,66030.23512101173,14746577.723934025,7861886017.667666,8294932485.025772,47.05894301559438,10131,1056549,14159,1060577,0.0,0.0,0,12.983378899996751,0.472412456824638,0.9665444269961331,0.8048957301278932,0.5393986717804916,0.5227347497895254,0.7469341269436799,0.5306476163407499,3.0600013732910156,11.229507267501363,0.5854891150888728,0.21993243243243243,0.9459630306704323,0.9414994142808505,0.5911123118462718,0.3541470905751178,FrozenGlobal,0.2594042097343708,0.009552347448605806,0.009588764931867806,0.715516632530546,JILONG_EI_0079,0.0,1.6018245231691761,1.1236053662134338,1.005149478626294,0.7732864289256716,3.527635172127018,1.182383342846225,2.5181291323405635,1.5784462754918873
41530.304752483964,92778.21813547611,36418069.187190264,48247420689.86666,49005519897.72861,335.1282274788109,8817.996001958847,86273.61745595932,23755716.874573797,15135819731.888184,19533585880.16919,150.12632371443942,10552,1239450,15977,1244875,0.0,0.0,0,13.042224999997416,0.4607893042641677,0.9643084902467409,0.8076544903656772,0.5601004516449162,0.6313475327853139,0.6693032288268164,0.5970652936172636,1.5,10.76202814312248,0.6037593658769376,0.2086061216495999,0.947763996111553,0.9524424390596384,0.5817253977419119,0.34955154202665767,FrozenGlobal,0.2665445242207745,0.008476353047494728,0.008513453547944652,0.6604493960067597,JILONG_EI_0089,0.0,1.6983030016166398,1.1359231495114153,1.010747920638021,0.7946591819734155,3.6438827339234736,1.03459928340938,2.6211790073012473,1.67962989344822
35330.011182207614,81570.61096382141,25931617.838365976,31422612033.22519,34421923012.18359,374.22750192903914,7591.257642388344,76009.1666507721,16797038.757894516,9154833879.488281,11585099083.155273,169.5875524943417,10355,1107705,14577,1111927,0.0,0.0,0,13.206731999991462,0.46353761108384595,0.9653084945587805,0.8048251808147314,0.53976421979629,0.5801393336568373,0.673176793269643,0.5612337847638483,2.760000228881836,11.35943684191771,0.5809009710899024,0.22425187032418953,0.9464672047128545,0.9375112949539558,0.6148541833962098,0.3650630887676034,FrozenGlobal,0.2454776483520983,0.009312661712504508,0.009348156774592513,0.7103656445084723,JILONG_EI_0099,0.0,1.6338070151397595,1.1165791042187179,1.0062147097387764,0.7568244800268772,4.2422287952707425,0.9889644504027059,3.006910963253958,1.6098939875570821
35432.725008778274,74914.23455935717,26718022.109859217,30719942261.082848,34298382133.7913,100.19410660531139,6766.162645876408,69894.72808229923,17374691.295805156,8960315310.613281,8545105935.9140625,47.36526393774496,10259,1040993,13949,1044683,0.0,0.0,0,13.026617700001225,0.43698742510358907,0.9659175047524869,0.806410912432322,0.5400717349559011,0.4991394638925353,0.68755729176531,0.5188817505445789,4.350000381469727,11.88021287469999,0.5588583534523086,0.22904515367979553,0.9433486501488652,0.9502228311585531,0.5940200020736881,0.37988319471576304,FrozenGlobal,0.3183646736371785,0.00982020383216727,0.009855013434288223,0.735464907878701,JILONG_EI_0109,0.0,1.4663550735395614,1.1348270018297417,0.9972235596751834,0.7588774973246598,3.7020766941616237,1.0854794858317796,2.6144556217153987,1.5394287350870093
29664.164619132876,49934.99145291746,18274056.568535265,19964594959.49474,23527586264.43009,437.5020383175179,6345.335181772709,46329.745004832745,11712396.99672136,5627300851.771584,5765026817.296474,206.39283578162213,9471,1026538,12548,1029615,0.0,0.0,0,12.941191000005347,0.4624994521992562,0.9632243769012793,0.8005812413304574,0.5309086672190559,0.49500772750519173,0.6868426714417012,0.5118004216962028,6.750000953674316,15.555211610567401,0.5670167797704891,0.23244648929785958,0.9329913000921968,0.9512308412930262,0.6393368430109502,0.375997947825139,FrozenGlobal,0.21431615157803524,0.00919858393671421,0.00922615626503841,0.7547816385081287,JILONG_EI_0119,0.0,1.6698989575011631,1.1156214507672206,1.0067571659401287,0.7750286347822727,5.12234686978519,0.9452719107249761,3.586676250305003,1.5833765287681596
40077.152742907405,102325.2629685998,33278552.74885588,42683483816.23633,45267366764.873924,275.5953811859654,9166.614590168,96677.79488044977,21423099.141246676,13032498025.505323,17426974303.05021,130.9965615189153,10546,1302104,15637,1307195,0.0,0.0,0,13.415854399994714,0.47825118638062414,0.9720126865649852,0.8023409037289521,0.5525656762074002,0.6204665588614142,0.6894360375451825,0.5884928162631882,1.5300006866455078,11.224196022311292,0.6259640516982267,0.2038180797304885,0.945627535207563,0.9556156536690656,0.5854766660562968,0.3353782033182225,FrozenGlobal,0.2078174989244418,0.008067656317534875,0.008099199449506338,0.674426040800665,JILONG_EI_0129,0.0,1.8905175767865006,1.1006866394772465,1.0217858656366516,0.8204335570518081,4.4142585320311305,1.085129132476789,3.160075462544582,1.7954032496205208
34078.62169221509,68648.96600997448,22901121.856757905,27420508326.108334,30356588774.160496,272.2324782969081,7871.601145505905,64419.882615327835,14542991.515370212,7758156477.568336,9223353205.400995,116.11448187371903,10260,1144689,14236,1148665,0.0,0.0,0,12.917914499994367,0.4806074840803016,0.9687081741604383,0.796890219386443,0.5319141169828197,0.5512110768168842,0.6530902886092441,0.5421385497301706,3.1500015258789062,12.803239678045813,0.5978321491538252,0.2203848088531187,0.9425815763447943,0.9444713378177347,0.6157843748814256,0.35409834321402817,FrozenGlobal,0.1979584583052289,0.008932108142931142,0.00896313321784345,0.7207080640629391,JILONG_EI_0139,0.0,1.7780260841023676,1.1115526160711495,1.0154774071887396,0.7838914737881756,4.712090028926955,1.0347074346746832,3.332852616617118,1.68509508248703
37309.28019087389,61085.04558469355,28859161.51000511,35094244483.431915,37345145842.27022,324.94154228115826,7649.722930073738,57922.4895581007,18216545.05522083,10236668760.60443,14576099719.546246,138.53487302753345,10497,1204854,14504,1208861,0.0,0.0,0,12.912802899998496,0.452808340356319,0.9737694802311639,0.7944949695964446,0.5400840810324171,0.6247461457135779,0.6529455054766792,0.5852618535557875,3.3900012969970703,12.705845244963404,0.5960937991364125,0.21858245448653743,0.9439569341942422,0.9571328560970157,0.5837800390658168,0.360639469440898,FrozenGlobal,0.20315076854975625,0.00868338047136933,0.008712258912698136,0.7237313844456702,JILONG_EI_0149,0.0,1.782915077703091,1.1201700480192658,1.0159527598284832,0.794745193153841,4.9112404157124745,1.021596702023273,3.457720840712168,1.7123020264385915
32328.623210713267,76689.6539349556,21810423.04252069,25000767984.394268,28560699926.19287,183.4296433017298,6909.851628005505,71743.83194875717,14095359.773401715,7267844852.043549,7982492266.336212,74.78070347636276,10035,1057946,13511,1061422,0.0,0.0,0,13.144031599993468,0.46231795056246905,0.9672169431655615,0.8039074215121133,0.5391705331430792,0.5286701990438973,0.638498692698305,0.5335971320149508,3.780000686645508,11.668521401537976,0.5784655640069083,0.22657705616183124,0.9436349899593757,0.9391220950191566,0.6179977352414286,0.36489231346337725,FrozenGlobal,0.23460882402425692,0.009454298101980174,0.009485361256623684,0.742728147435423,JILONG_EI_0159,0.0,1.6207314815343954,1.1135500023066454,1.0062712280847337,0.760823974034856,4.374733811334991,1.021404994662982,3.084436485697029,1.5991314525016918
38451.372286666185,84426.82640565932,33327082.84270499,40651093598.545715,43246621440.80403,295.98925423133187,7198.493124008179,78838.64291644096,21371426.77490042,12279652264.39482,13664388987.877943,122.29796160123787,10607,1175691,14841,1179925,0.0,0.0,0,12.97191959999327,0.4326780613277143,0.9663386225498829,0.800789016849913,0.5496129000353476,0.5621070289135169,0.6427937376150078,0.5560882858389599,3.1499996185302734,11.641276673433628,0.5768927623057313,0.22189798062332206,0.9484967802374158,0.9634388763689931,0.5820945705661001,0.3746438821381088,FrozenGlobal,0.2821452399116696,0.008989554420831833,0.009021928380841565,0.7147092513981538,JILONG_EI_0169,0.0,1.56012963516642,1.1360054820353036,1.0029122074533667,0.7696345631947263,4.232678227661454,1.001214021213885,2.984381945355051,1.6328576139572166
36491.659354142845,68698.8699157536,27100964.614665315,32932665280.280052,35219395577.81594,152.8823588847772,7416.151045322418,63972.074137330055,17724718.926971316,9639845646.487427,10312581267.07951,63.61683670780246,10176,1061415,14387,1065626,0.0,0.0,0,13.075245900006848,0.45080889562295007,0.9649846818449416,0.8087183620368427,0.5410303147353562,0.5411189494248946,0.6450707469418522,0.5410761208886141,3.0900001525878906,11.40676073771967,0.5712477278104149,0.2253484602917342,0.9470844919775774,0.941620113488121,0.5857026327477908,0.3673448378490435,FrozenGlobal,0.29127699596799733,0.009549316551961007,0.009587201989796639,0.7073052060888302,JILONG_EI_0179,0.0,1.5371601330506537,1.1334780907158128,1.0010573143378487,0.7597244906967449,3.4586754041759495,1.0601444622098921,2.4645210913051483,1.5492574273958695
33691.83037099242,55903.44233979285,24481840.55096493,26994969340.09335,31369451238.91772,210.35014229263106,6357.820202291012,52016.66944527626,15519576.546331659,7531188407.856361,7943451770.095994,81.43539125352167,10017,1058155,13435,1061573,0.0,0.0,0,12.991567299992312,0.43440200217533315,0.9646105226750354,0.7961921678611631,0.5281901974327823,0.5032122105134661,0.6222074238381672,0.5149157672050194,5.100000381469727,12.213404366746545,0.556924207355931,0.23635893457460563,0.9361973905992771,0.9534720923686993,0.619900231411568,0.38766337680283924,FrozenGlobal,0.27774935285487984,0.009435997336028705,0.009466477028412662,0.7455898771864533,JILONG_EI_0189,0.0,1.5307450802336522,1.136640256741187,0.998873102396894,0.7610554520177196,4.4222889017125055,0.9952678310478753,3.0993280972594173,1.578749707702588
32012.059092477895,72230.42800281942,20442455.090043806,23060578331.027157,26804702911.097485,91.30969125659489,7070.229903131723,68375.89938902855,13143373.936928542,6657082283.58276,7082500669.638861,49.222758752297196,9872,1075048,13170,1078346,0.0,0.0,0,12.913120199998957,0.46995899137711494,0.9729520373505319,0.8018385017151535,0.5372876587819271,0.5140292269854868,0.7342171728787035,0.52491337491718,4.229999542236328,11.659225609310916,0.5908162945334458,0.22452715070164733,0.9406730555151677,0.9396105064583322,0.6105012831383244,0.35541326899425535,FrozenGlobal,0.21166528751125702,0.009154761087814114,0.009182845789211273,0.74958238420653,JILONG_EI_0199,0.0,1.6750196800650827,1.0959626816502273,1.0097355704918696,0.776811451934982,4.3230777859810745,1.1063616706995643,3.048718523948338,1.640952056828758
