chainage_m,corridor_x,corridor_y,native_corridor_z,native_cross_min_z,native_cross_min_x,native_cross_min_y,native_min_128_z,native_min_128_x,native_min_128_y,native_min_256_z,native_min_256_x,native_min_256_y,native_min_512_z,native_min_512_x,native_min_512_y,m32_corridor_z,m32_cross_min_z,m32_cross_min_x,m32_cross_min_y,m32_min_128_z,m32_min_128_x,m32_min_128_y,m32_min_256_z,m32_min_256_x,m32_min_256_y,m32_min_512_z,m32_min_512_x,m32_min_512_y,m64_corridor_z,m64_cross_min_z,m64_cross_min_x,m64_cross_min_y,m64_min_128_z,m64_min_128_x,m64_min_128_y,m64_min_256_z,m64_min_256_x,m64_min_256_y,m64_min_512_z,m64_min_512_x,m64_min_512_y
2200.0,335577.65256111894,3141819.8643901167,2764.05029296875,2676.296875,335310.86488623195,3141519.728255869,2743.441650390625,335535.0,3141705.0,2697.448974609375,335445.0,3141615.0,2676.296875,335325.0,3141525.0,2763.078125,2678.01123046875,335310.86488623195,3141519.728255869,2741.5869140625,335518.0,3141708.0,2699.191650390625,335454.0,3141612.0,2678.01123046875,335326.0,3141516.0,2763.884765625,2682.28662109375,335280.85127280717,3141485.962940766,2751.618408203125,335502.0,3141756.0,2701.96826171875,335438.0,3141628.0,2682.28662109375,335310.0,3141500.0
2225.0,335596.337794086,3141803.2552941456,2763.217041015625,2676.296875,335336.2198110712,3141510.622563254,2743.441650390625,335535.0,3141705.0,2697.42626953125,335475.0,3141585.0,2676.296875,335325.0,3141525.0,2763.078125,2678.01123046875,335329.55011919903,3141503.119159898,2741.5869140625,335518.0,3141708.0,2699.17822265625,335486.0,3141580.0,2678.01123046875,335326.0,3141516.0,2763.884765625,2682.28662109375,335299.53650577425,3141469.353844795,2750.6455078125,335694.0,3141756.0,2701.96826171875,335438.0,3141628.0,2682.28662109375,335310.0,3141500.0
2250.0,335613.16419122776,3141784.8105485835,2763.922119140625,2676.296875,335313.4964263191,3141525.0984856626,2743.23876953125,335565.0,3141675.0,2697.42626953125,335475.0,3141585.0,2676.296875,335325.0,3141525.0,2759.125,2678.01123046875,335313.4964263191,3141525.0984856626,2739.63671875,335550.0,3141676.0,2699.17822265625,335486.0,3141580.0,2678.01123046875,335326.0,3141516.0,2756.92626953125,2682.28662109375,335279.3570606966,3141495.5110354563,2747.16259765625,335566.0,3141692.0,2700.0078125,335502.0,3141564.0,2682.28662109375,335310.0,3141500.0
2275.0,335629.5374546882,3141765.9183215136,2758.07275390625,2676.296875,335337.4562154735,3141512.7812475273,2736.75830078125,335595.0,3141645.0,2697.42626953125,335475.0,3141585.0,2676.296875,335325.0,3141525.0,2759.125,2678.01123046875,335326.07642693265,3141502.9187641256,2739.63671875,335550.0,3141676.0,2693.59814453125,335454.0,3141580.0,2678.01123046875,335326.0,3141516.0,2756.92626953125,2682.28662109375,335288.14379846316,3141470.0438194517,2747.16259765625,335566.0,3141692.0,2700.0078125,335502.0,3141564.0,2682.28662109375,335310.0,3141500.0
2300.0,335645.91071814863,3141747.026094444,2752.013916015625,2681.0654296875,335372.7957931686,3141510.326492795,2736.75830078125,335595.0,3141645.0,2697.42626953125,335475.0,3141585.0,2676.296875,335325.0,3141525.0,2753.613525390625,2680.319580078125,335361.41600462777,3141500.4640093925,2736.02685546875,335582.0,3141644.0,2691.94873046875,335486.0,3141548.0,2678.01123046875,335326.0,3141516.0,2756.92626953125,2682.28662109375,335327.2766390052,3141470.8765591867,2747.16259765625,335566.0,3141692.0,2700.0078125,335502.0,3141564.0,2682.28662109375,335310.0,3141500.0
2325.0,335662.2839816091,3141728.133867374,2752.013916015625,2682.1142578125,335430.89494794543,3141527.596704866,2732.386962890625,335625.0,3141615.0,2690.6083984375,335475.0,3141555.0,2676.296875,335325.0,3141525.0,2750.2978515625,2682.6689453125,335408.1353708638,3141507.871738062,2736.02685546875,335582.0,3141644.0,2691.94873046875,335486.0,3141548.0,2678.01123046875,335326.0,3141516.0,2750.6455078125,2682.786376953125,335408.1353708638,3141507.871738062,2735.106201171875,335630.0,3141628.0,2699.111328125,335694.0,3141500.0,2682.28662109375,335310.0,3141500.0
2350.0,335678.6572450695,3141709.241640304,2749.63720703125,2680.076416015625,335432.09516001807,3141495.5544999265,2729.212158203125,335655.0,3141585.0,2690.6083984375,335475.0,3141555.0,2676.296875,335325.0,3141525.0,2750.252197265625,2682.04736328125,335439.68168571196,3141502.129488861,2730.292724609375,335614.0,3141612.0,2691.94873046875,335486.0,3141548.0,2678.01123046875,335326.0,3141516.0,2749.13623046875,2682.786376953125,335409.3355829364,3141475.829533122,2735.106201171875,335630.0,3141628.0,2699.111328125,335694.0,3141500.0,2682.28662109375,335310.0,3141500.0
2375.0,335695.03050853,3141690.3494132347,2749.63720703125,2680.076416015625,335456.0549491724,3141483.2372617917,2724.5966796875,335625.0,3141585.0,2691.46630859375,335505.0,3141525.0,2676.296875,335325.0,3141525.0,2749.722412109375,2681.5615234375,335440.88189778465,3141470.0872839224,2726.06884765625,335646.0,3141580.0,2691.94873046875,335486.0,3141548.0,2678.01123046875,335326.0,3141516.0,2749.13623046875,2682.786376953125,335440.88189778465,3141470.0872839224,2735.106201171875,335630.0,3141628.0,2699.111328125,335694.0,3141500.0,2682.28662109375,335310.0,3141500.0
2400.0,335711.40377199044,3141671.457186165,2749.6650390625,2682.21142578125,335461.04842409206,3141454.4825513195,2717.065673828125,335745.0,3141555.0,2691.3173828125,335625.0,3141435.0,2676.296875,335325.0,3141525.0,2749.722412109375,2682.402099609375,335480.0147383268,3141470.9200236565,2726.06884765625,335646.0,3141580.0,2692.413818359375,335646.0,3141452.0,2678.01123046875,335326.0,3141516.0,2749.13623046875,2687.22265625,335480.0147383268,3141470.9200236565,2735.106201171875,335630.0,3141628.0,2699.111328125,335694.0,3141500.0,2682.28662109375,335310.0,3141500.0
2425.0,335727.77703545085,3141652.5649590953,2750.019287109375,2683.0,335496.3880017872,3141452.027796587,2717.065673828125,335745.0,3141555.0,2691.3173828125,335625.0,3141435.0,2676.296875,335325.0,3141525.0,2747.40771484375,2685.56787109375,335481.2149503994,3141438.8778187176,2713.141357421875,335742.0,3141548.0,2692.413818359375,335646.0,3141452.0,2678.01123046875,335326.0,3141516.0,2740.841064453125,2687.22265625,335515.35431602196,3141468.4652689234,2720.909423828125,335758.0,3141564.0,2694.269287109375,335630.0,3141436.0,2682.28662109375,335310.0,3141500.0
2450.0,335742.77688566153,3141632.576974098,2747.55029296875,2683.0,335495.8588383031,3141451.5037393686,2700.94970703125,335745.0,3141525.0,2691.3173828125,335625.0,3141435.0,2676.296875,335325.0,3141525.0,2747.40771484375,2685.56787109375,335475.61965409335,3141436.661670948,2713.141357421875,335742.0,3141548.0,2692.413818359375,335646.0,3141452.0,2678.01123046875,335326.0,3141516.0,2740.841064453125,2687.22265625,335520.1458593547,3141469.314221473,2720.909423828125,335758.0,3141564.0,2694.269287109375,335630.0,3141436.0,2682.28662109375,335310.0,3141500.0
2475.0,335757.56097725226,3141612.4168492015,2740.745849609375,2688.058349609375,335498.49941936793,3141422.43837342,2694.98876953125,335745.0,3141495.0,2691.3173828125,335625.0,3141435.0,2676.296875,335325.0,3141525.0,2739.426513671875,2686.89404296875,335518.73860357766,3141437.28044184,2699.260498046875,335742.0,3141516.0,2692.413818359375,335646.0,3141452.0,2678.01123046875,335326.0,3141516.0,2740.841064453125,2690.642333984375,335474.2123983163,3141404.627891315,2720.909423828125,335758.0,3141564.0,2694.269287109375,335630.0,3141436.0,2682.28662109375,335310.0,3141500.0
2500.0,335772.34506884293,3141592.256724305,2730.14306640625,2689.9228515625,335537.5705320103,3141420.0887306277,2694.98876953125,335745.0,3141495.0,2691.3173828125,335625.0,3141435.0,2676.296875,335325.0,3141525.0,2727.865966796875,2691.435791015625,335561.8575530619,3141437.8992127324,2695.60205078125,335710.0,3141484.0,2692.297607421875,335806.0,3141356.0,2678.01123046875,335326.0,3141516.0,2720.909423828125,2690.642333984375,335517.33134780056,3141405.2466622074,2699.111328125,335694.0,3141500.0,2694.269287109375,335630.0,3141436.0,2682.28662109375,335310.0,3141500.0
2525.0,335787.1291604336,3141572.096599409,2730.14306640625,2691.3173828125,335613.0721762301,3141444.454810993,2694.98876953125,335745.0,3141495.0,2690.85400390625,335835.0,3141345.0,2676.296875,335325.0,3141525.0,2727.865966796875,2692.413818359375,335633.3113604398,3141459.2968794135,2695.60205078125,335710.0,3141484.0,2692.297607421875,335806.0,3141356.0,2678.01123046875,335326.0,3141516.0,2720.909423828125,2694.19677734375,335560.4502972848,3141405.8654330997,2699.111328125,335694.0,3141500.0,2694.269287109375,335630.0,3141436.0,2682.28662109375,335310.0,3141500.0
2550.0,335801.9132520243,3141551.9364745123,2723.363037109375,2691.3173828125,335623.8084309788,3141421.326272412,2694.98876953125,335745.0,3141495.0,2685.299560546875,335805.0,3141315.0,2676.296875,335325.0,3141525.0,2721.762939453125,2692.413818359375,335644.0476151885,3141436.168340833,2695.60205078125,335710.0,3141484.0,2687.064208984375,335806.0,3141324.0,2678.01123046875,335326.0,3141516.0,2728.987060546875,2694.269287109375,335603.56924676907,3141406.484203992,2699.111328125,335694.0,3141500.0,2694.269287109375,335630.0,3141436.0,2682.28662109375,335310.0,3141500.0
2575.0,335816.697343615,3141531.776349616,2714.8271484375,2693.00146484375,335666.9273804631,3141421.9450433045,2694.98876953125,335745.0,3141495.0,2685.299560546875,335805.0,3141315.0,2676.296875,335325.0,3141525.0,2714.10986328125,2694.365234375,335687.16656467284,3141436.7871117247,2695.60205078125,335710.0,3141484.0,2683.0400390625,335806.0,3141292.0,2676.9052734375,335742.0,3141036.0,2716.816650390625,2694.269287109375,335642.6403594115,3141404.1345611997,2699.111328125,335694.0,3141500.0,2685.7666015625,335822.0,3141308.0,2678.3759765625,335758.0,3141052.0
2600.0,335831.4814352057,3141511.6162247197,2725.902099609375,2698.81689453125,335750.5246983668,3141452.2479510377,2694.98876953125,335745.0,3141495.0,2682.260009765625,335805.0,3141285.0,2676.296875,335325.0,3141525.0,2724.965087890625,2700.1025390625,335685.75930889574,3141404.7533320924,2695.60205078125,335710.0,3141484.0,2683.0400390625,335806.0,3141292.0,2676.9052734375,335742.0,3141036.0,2716.816650390625,2698.92529296875,335685.75930889574,3141404.7533320924,2699.770263671875,335758.0,3141500.0,2685.7666015625,335822.0,3141308.0,2678.3759765625,335758.0,3141052.0
2625.0,335846.6186744312,3141491.726656961,2720.607177734375,2702.243408203125,335791.7435016264,3141447.8265187168,2694.605712890625,335805.0,3141375.0,2682.260009765625,335805.0,3141285.0,2676.365234375,335745.0,3141045.0,2718.5234375,2702.4833984375,335779.98453602544,3141438.419346236,2696.2021484375,335806.0,3141388.0,2683.0400390625,335806.0,3141292.0,2676.9052734375,335742.0,3141036.0,2716.816650390625,2702.581298828125,335740.787984022,3141407.0621046335,2699.770263671875,335758.0,3141500.0,2685.7666015625,335822.0,3141308.0,2678.3759765625,335758.0,3141052.0
2650.0,335862.2360506201,3141472.204936725,2719.670166015625,2698.188720703125,335791.6822570139,3141415.76190184,2694.0517578125,335865.0,3141345.0,2682.260009765625,335805.0,3141285.0,2674.475830078125,335715.0,3140985.0,2725.991943359375,2700.32080078125,335791.6822570139,3141415.76190184,2696.2021484375,335806.0,3141388.0,2683.0400390625,335806.0,3141292.0,2676.9052734375,335742.0,3141036.0,2734.00244140625,2702.581298828125,335779.92329141294,3141406.3547293595,2694.601318359375,335822.0,3141372.0,2685.7666015625,335822.0,3141308.0,2678.3759765625,335758.0,3141052.0
2675.0,335877.85342680896,3141452.683216489,2719.670166015625,2694.605712890625,335791.6210124014,3141383.697284963,2690.85400390625,335835.0,3141345.0,2682.260009765625,335805.0,3141285.0,2674.475830078125,335715.0,3140985.0,2717.7548828125,2696.2021484375,335791.6210124014,3141383.697284963,2692.297607421875,335806.0,3141356.0,2683.0400390625,335806.0,3141292.0,2676.810302734375,335710.0,3140972.0,2718.52294921875,2694.601318359375,335791.6210124014,3141383.697284963,2694.601318359375,335822.0,3141372.0,2685.7666015625,335822.0,3141308.0,2678.3759765625,335758.0,3141052.0
2700.0,335893.4708029978,3141433.1614962528,2720.272705078125,2690.904052734375,335791.5597677889,3141351.632668086,2690.85400390625,335835.0,3141345.0,2682.260009765625,335805.0,3141285.0,2674.475830078125,335715.0,3140985.0,2718.98974609375,2692.297607421875,335791.5597677889,3141351.632668086,2688.1123046875,335838.0,3141324.0,2683.0400390625,335806.0,3141292.0,2676.810302734375,335710.0,3140972.0,2718.52294921875,2694.601318359375,335791.5597677889,3141351.632668086,2694.601318359375,335822.0,3141372.0,2685.7666015625,335822.0,3141308.0,2678.3759765625,335758.0,3141052.0
2725.0,335909.0881791867,3141413.6397760166,2711.208251953125,2685.299560546875,335791.4985231764,3141319.5680512083,2685.628662109375,335835.0,3141315.0,2682.260009765625,335805.0,3141285.0,2674.475830078125,335715.0,3140985.0,2718.98974609375,2687.064208984375,335791.4985231764,3141319.5680512083,2688.1123046875,335838.0,3141324.0,2683.0400390625,335806.0,3141292.0,2676.810302734375,335710.0,3140972.0,2718.52294921875,2685.7666015625,335791.4985231764,3141319.5680512083,2694.601318359375,335822.0,3141372.0,2685.7666015625,335822.0,3141308.0,2678.3759765625,335758.0,3141052.0
2750.0,335924.70555537555,3141394.1180557804,2724.48193359375,2682.260009765625,335791.4372785639,3141287.503434331,2685.628662109375,335835.0,3141315.0,2682.260009765625,335805.0,3141285.0,2674.475830078125,335715.0,3140985.0,2725.42919921875,2683.0400390625,335791.4372785639,3141287.503434331,2688.1123046875,335838.0,3141324.0,2683.0400390625,335806.0,3141292.0,2676.810302734375,335710.0,3140972.0,2731.997314453125,2685.7666015625,335791.4372785639,3141287.503434331,2694.601318359375,335822.0,3141372.0,2685.7666015625,335822.0,3141308.0,2678.3759765625,335758.0,3141052.0
2775.0,335940.3229315644,3141374.5963355447,2735.547607421875,2682.260009765625,335810.97430995316,3141271.117438256,2685.628662109375,335835.0,3141315.0,2682.260009765625,335805.0,3141285.0,2674.475830078125,335715.0,3140985.0,2725.42919921875,2683.0400390625,335818.8136203538,3141277.388886576,2688.1123046875,335838.0,3141324.0,2683.0400390625,335806.0,3141292.0,2676.810302734375,335710.0,3140972.0,2731.997314453125,2685.7666015625,335818.8136203538,3141277.388886576,2694.601318359375,335822.0,3141372.0,2685.7666015625,335822.0,3141308.0,2678.3759765625,335758.0,3141052.0
2800.0,335955.9403077533,3141355.0746153085,2735.031005859375,2685.075927734375,335822.67203094164,3141248.4599938593,2685.628662109375,335835.0,3141315.0,2682.260009765625,335805.0,3141285.0,2674.475830078125,335715.0,3140985.0,2739.648681640625,2685.12939453125,335818.7523757413,3141245.324269699,2688.1123046875,335838.0,3141324.0,2683.0400390625,335806.0,3141292.0,2676.810302734375,335710.0,3140972.0,2731.997314453125,2688.25537109375,335791.3147893389,3141223.374200577,2702.0517578125,335886.0,3141308.0,2685.7666015625,335822.0,3141308.0,2678.3759765625,335758.0,3141052.0
2825.0,335970.6694012681,3141334.88501487,2746.84765625,2685.075927734375,335839.441935859,3141242.253862817,2694.0517578125,335865.0,3141345.0,2682.260009765625,335805.0,3141285.0,2674.475830078125,335715.0,3140985.0,2740.976806640625,2686.2392578125,335843.54279415304,3141245.1485863184,2695.539794921875,335870.0,3141324.0,2683.0400390625,335806.0,3141292.0,2676.810302734375,335710.0,3140972.0,2733.142578125,2688.25537109375,335798.43335291866,3141213.3066278,2702.0517578125,335886.0,3141308.0,2685.7666015625,335822.0,3141308.0,2678.3759765625,335758.0,3141052.0
2850.0,335985.0864812081,3141314.4608182884,2748.81005859375,2690.031494140625,335837.45558262285,3141210.250772228,2694.0517578125,335865.0,3141345.0,2682.260009765625,335805.0,3141285.0,2674.475830078125,335715.0,3140985.0,2750.714599609375,2690.732177734375,335841.5564409169,3141213.14549573,2695.539794921875,335870.0,3141324.0,2683.0400390625,335806.0,3141292.0,2676.810302734375,335710.0,3140972.0,2753.54052734375,2688.25537109375,335841.5564409169,3141213.14549573,2702.0517578125,335886.0,3141308.0,2685.7666015625,335822.0,3141308.0,2678.3759765625,335758.0,3141052.0
2875.0,335999.50356114807,3141294.036621707,2748.91259765625,2690.47412109375,335732.9477720358,3141105.8795940983,2700.514404296875,335895.0,3141345.0,2682.260009765625,335805.0,3141285.0,2674.475830078125,335715.0,3140985.0,2751.430908203125,2690.961181640625,335728.8469137418,3141102.984870597,2705.069091796875,335902.0,3141356.0,2683.0400390625,335806.0,3141292.0,2676.810302734375,335710.0,3140972.0,2753.54052734375,2690.67578125,335790.3597881523,3141146.405723122,2702.0517578125,335886.0,3141308.0,2685.7666015625,335822.0,3141308.0,2678.3759765625,335758.0,3141052.0
2900.0,336013.92064108804,3141273.612425125,2754.84716796875,2679.4912109375,335730.96141879965,3141073.87650351,2702.556884765625,335895.0,3141315.0,2682.260009765625,335805.0,3141285.0,2674.475830078125,335715.0,3140985.0,2750.2626953125,2680.25,335726.8605605056,3141070.9817800084,2705.62646484375,335902.0,3141324.0,2683.0400390625,335806.0,3141292.0,2676.810302734375,335710.0,3140972.0,2753.3984375,2678.3759765625,335726.8605605056,3141070.9817800084,2731.997314453125,335950.0,3141372.0,2685.7666015625,335822.0,3141308.0,2678.3759765625,335758.0,3141052.0
2925.0,336028.337721028,3141253.188228544,2753.58984375,2676.365234375,335733.0759238575,3141044.7681364235,2717.867919921875,335925.0,3141315.0,2682.260009765625,335805.0,3141285.0,2674.475830078125,335715.0,3140985.0,2756.07958984375,2676.9052734375,335728.97506556346,3141041.873412922,2713.32763671875,335902.0,3141260.0,2683.0400390625,335806.0,3141292.0,2676.810302734375,335710.0,3140972.0,2753.3984375,2678.3759765625,335728.97506556346,3141041.873412922,2733.142578125,335950.0,3141308.0,2685.7666015625,335822.0,3141308.0,2678.3759765625,335758.0,3141052.0
2950.0,336042.754800968,3141232.764031962,2759.468505859375,2674.475830078125,335702.3835625631,3140992.501981323,2725.3291015625,335925.0,3141255.0,2682.260009765625,335805.0,3141285.0,2674.475830078125,335715.0,3140985.0,2756.6611328125,2676.810302734375,335694.18184597505,3140986.71253432,2726.450927734375,335934.0,3141292.0,2683.0400390625,335806.0,3141292.0,2676.810302734375,335710.0,3140972.0,2753.3984375,2678.3759765625,335743.3921455034,3141021.44921634,2733.142578125,335950.0,3141308.0,2685.7666015625,335822.0,3141308.0,2678.3759765625,335758.0,3141052.0
2975.0,336057.1718809079,3141212.33983538,2759.468505859375,2674.475830078125,335716.800642503,3140972.0777847413,2738.404052734375,335955.0,3141285.0,2682.581298828125,335835.0,3141285.0,2674.475830078125,335715.0,3140985.0,2761.435791015625,2676.810302734375,335696.29635103286,3140957.604167233,2731.753173828125,335934.0,3141228.0,2684.849365234375,335838.0,3141292.0,2676.810302734375,335710.0,3140972.0,2763.1591796875,2678.3759765625,335786.5152335016,3141021.28808427,2737.01416015625,335950.0,3141244.0,2685.7666015625,335822.0,3141308.0,2678.3759765625,335758.0,3141052.0
3000.0,336071.5889608479,3141191.915638799,2766.275390625,2676.90087890625,335714.8142892668,3140940.0746941534,2742.72509765625,335955.0,3141225.0,2682.581298828125,335835.0,3141285.0,2674.475830078125,335715.0,3140985.0,2764.45703125,2679.345703125,335739.41943903104,3140957.4430351635,2742.49462890625,335966.0,3141260.0,2684.849365234375,335838.0,3141292.0,2676.810302734375,335710.0,3140972.0,2768.374267578125,2682.525634765625,335739.41943903104,3140957.4430351635,2744.9033203125,335950.0,3141180.0,2688.25537109375,335822.0,3141244.0,2678.3759765625,335758.0,3141052.0
3025.0,336085.5198335315,3141171.1682663495,2769.826416015625,2676.90087890625,335719.45060488494,3140942.374998445,2748.066650390625,335985.0,3141225.0,2690.374755859375,335835.0,3141135.0,2674.475830078125,335715.0,3140985.0,2772.431884765625,2679.345703125,335744.99031851144,3140958.337319462,2748.334716796875,335966.0,3141196.0,2690.732177734375,335838.0,3141228.0,2676.810302734375,335710.0,3140972.0,2768.374267578125,2682.525634765625,335744.99031851144,3140958.337319462,2753.3984375,336014.0,3141244.0,2702.0517578125,335886.0,3141308.0,2678.3759765625,335758.0,3141052.0
3050.0,336098.7698070316,3141149.9683087496,2777.282958984375,2685.619384765625,335715.674102634,3140910.533493501,2752.219970703125,335985.0,3141195.0,2695.50390625,335865.0,3141135.0,2674.475830078125,335715.0,3140985.0,2772.431884765625,2685.1259765625,335741.2138162605,3140926.4958145176,2750.590576171875,335998.0,3141228.0,2699.881103515625,335870.0,3141260.0,2676.810302734375,335710.0,3140972.0,2768.374267578125,2691.319580078125,335690.1343890075,3140894.5711724847,2753.3984375,336014.0,3141244.0,2707.4228515625,335886.0,3141244.0,2678.3759765625,335758.0,3141052.0
3075.0,336112.0197805317,3141128.7683511493,2777.282958984375,2696.179443359375,335716.15421932086,3140881.3523753923,2756.9794921875,336015.0,3141195.0,2695.50390625,335865.0,3141135.0,2674.475830078125,335715.0,3140985.0,2779.916259765625,2693.7216796875,335737.4373140096,3140894.654309573,2759.581298828125,336030.0,3141196.0,2700.000732421875,335870.0,3141132.0,2676.810302734375,335710.0,3140972.0,2783.355712890625,2696.56005859375,335737.4373140096,3140894.654309573,2759.63134765625,336014.0,3141180.0,2707.4228515625,335886.0,3141244.0,2678.3759765625,335758.0,3141052.0
3100.0,336125.2697540318,3141107.568393549,2783.623291015625,2708.6064453125,335716.6343360077,3140852.171257284,2761.6015625,336015.0,3141165.0,2710.4287109375,335895.0,3141195.0,2674.475830078125,335715.0,3140985.0,2783.076416015625,2704.866943359375,335729.40419282095,3140860.152417792,2764.255615234375,336030.0,3141164.0,2705.89306640625,335870.0,3141100.0,2676.810302734375,335710.0,3140972.0,2783.355712890625,2696.56005859375,335780.48362007394,3140892.0770598254,2768.374267578125,336078.0,3141180.0,2709.03564453125,335886.0,3141180.0,2678.3759765625,335758.0,3141052.0
3125.0,336138.5197275319,3141086.368435949,2785.6611328125,2717.4814453125,335763.93726100976,3140852.254394373,2766.275390625,336075.0,3141195.0,2712.411865234375,335895.0,3141165.0,2674.475830078125,335715.0,3140985.0,2783.076416015625,2714.137939453125,335776.70711782307,3140860.235554881,2768.091064453125,336094.0,3141196.0,2718.3515625,335902.0,3141164.0,2676.810302734375,335710.0,3140972.0,2783.355712890625,2713.403076171875,335725.62769057,3140828.310912848,2768.374267578125,336078.0,3141180.0,2716.15185546875,335886.0,3141116.0,2678.3759765625,335758.0,3141052.0
3150.0,336151.76970103197,3141065.1684783488,2788.003662109375,2728.49658203125,335717.5945693814,3140793.8090210673,2769.826416015625,336075.0,3141165.0,2734.722412109375,335925.0,3141165.0,2674.475830078125,335715.0,3140985.0,2787.7724609375,2726.600830078125,335772.93061557214,3140828.3940499364,2771.839111328125,336030.0,3141100.0,2733.890869140625,335902.0,3141100.0,2676.810302734375,335710.0,3140972.0,2787.16064453125,2715.94384765625,335772.93061557214,3140828.3940499364,2775.41552734375,336078.0,3141116.0,2744.9033203125,335950.0,3141180.0,2678.3759765625,335758.0,3141052.0
3175.0,336165.019674532,3141043.968520749,2789.49267578125,2748.641845703125,335730.8445428814,3140772.6090634675,2774.476806640625,336045.0,3141075.0,2748.066650390625,335985.0,3141225.0,2674.475830078125,335715.0,3140985.0,2789.58447265625,2744.321533203125,335769.15411332116,3140796.552544992,2774.5439453125,336062.0,3141100.0,2748.334716796875,335966.0,3141196.0,2676.810302734375,335710.0,3140972.0,2787.16064453125,2745.32275390625,335730.8445428814,3140772.6090634675,2775.41552734375,336078.0,3141116.0,2744.9033203125,335950.0,3141180.0,2678.3759765625,335758.0,3141052.0
3200.0,336178.2696480321,3141022.7685631486,2792.192138671875,2757.451904296875,335744.0945163815,3140751.409105867,2777.094970703125,336075.0,3141075.0,2756.9794921875,336015.0,3141195.0,2674.475830078125,335715.0,3140985.0,2793.8984375,2754.372314453125,335744.0945163815,3140751.409105867,2776.5224609375,336062.0,3141068.0,2754.07568359375,335998.0,3141196.0,2676.810302734375,335710.0,3140972.0,2794.757080078125,2745.32275390625,335765.37761107023,3140764.7110400475,2779.790283203125,336078.0,3141052.0,2759.63134765625,336014.0,3141180.0,2678.3759765625,335758.0,3141052.0
3225.0,336195.3690920628,3141004.630907937,2797.62939453125,2783.87939453125,335893.67019875656,3140702.9320146306,2779.485107421875,336075.0,3141045.0,2761.6015625,336015.0,3141165.0,2674.475830078125,335715.0,3140985.0,2797.26025390625,2784.122314453125,335893.67019875656,3140702.9320146306,2780.732421875,336094.0,3141068.0,2759.581298828125,336030.0,3141196.0,2676.810302734375,335710.0,3140972.0,2802.1748046875,2783.20654296875,335833.3304200953,3140642.5922359694,2779.790283203125,336078.0,3141052.0,2759.63134765625,336014.0,3141180.0,2678.3759765625,335758.0,3141052.0
3250.0,336213.0467615925,3140986.9532384076,2807.394287109375,2784.614501953125,335897.1502733071,3140671.0567501225,2783.82568359375,336105.0,3141045.0,2766.275390625,336075.0,3141195.0,2674.475830078125,335715.0,3140985.0,2806.75439453125,2784.9345703125,335897.1502733071,3140671.0567501225,2784.8974609375,336126.0,3141068.0,2764.255615234375,336030.0,3141164.0,2676.810302734375,335710.0,3140972.0,2802.1748046875,2785.1982421875,335865.2056846041,3140639.1121614194,2787.16064453125,336142.0,3141052.0,2768.374267578125,336078.0,3141180.0,2678.3759765625,335758.0,3141052.0
3275.0,336230.72443112213,3140969.275568878,2808.22998046875,2785.54443359375,335904.1797466024,3140642.7308843583,2786.863525390625,336135.0,3141045.0,2769.826416015625,336075.0,3141165.0,2676.365234375,335745.0,3141045.0,2806.75439453125,2785.869384765625,335932.57493656065,3140671.1260743164,2786.388427734375,336126.0,3141036.0,2771.839111328125,336030.0,3141100.0,2676.9052734375,335742.0,3141036.0,2802.1748046875,2785.1982421875,335900.63034785766,3140639.1814856133,2787.16064453125,336142.0,3141052.0,2774.798828125,336014.0,3141052.0,2678.3759765625,335758.0,3141052.0
3300.0,336248.4021006518,3140951.597899348,2817.263427734375,2786.162109375,335967.99959981424,3140671.1953985104,2789.49267578125,336165.0,3141045.0,2772.652099609375,336045.0,3141105.0,2676.365234375,335745.0,3141045.0,2816.049560546875,2786.5166015625,335936.0550111112,3140639.2508098073,2789.58447265625,336158.0,3141036.0,2773.966796875,336030.0,3141068.0,2676.94189453125,335742.0,3141004.0,2819.898193359375,2786.464599609375,335936.0550111112,3140639.2508098073,2790.962646484375,336142.0,3140988.0,2774.798828125,336014.0,3141052.0,2678.3759765625,335758.0,3141052.0
3325.0,336266.0797701815,3140933.9202298187,2815.922607421875,2786.759033203125,335943.0844844066,3140610.9249440436,2794.4296875,336165.0,3140985.0,2776.64111328125,336045.0,3141045.0,2676.74267578125,335775.0,3141045.0,2816.049560546875,2786.7734375,335939.5350856618,3140607.375545299,2793.86669921875,336158.0,3140972.0,2776.5224609375,336062.0,3141068.0,2677.519775390625,335774.0,3141036.0,2819.898193359375,2786.464599609375,335971.4796743648,3140639.320134002,2795.318115234375,336142.0,3140924.0,2779.790283203125,336078.0,3141052.0,2682.525634765625,335758.0,3140988.0
3350.0,336283.75743971113,3140916.242560289,2824.423583984375,2786.887939453125,335978.5091476601,3140610.9942682376,2795.527587890625,336165.0,3140955.0,2779.485107421875,336075.0,3141045.0,2684.662109375,336525.0,3140475.0,2824.6689453125,2786.862548828125,335974.95974891534,3140607.444869493,2795.778564453125,336158.0,3140940.0,2779.091064453125,336062.0,3141036.0,2680.102294921875,336510.0,3140460.0,2819.898193359375,2786.952392578125,335943.0151602123,3140575.50028079,2802.1748046875,336206.0,3140988.0,2779.790283203125,336078.0,3141052.0,2684.17724609375,336526.0,3140476.0
3375.0,336301.4351092408,3140898.564890759,2830.237060546875,2787.188720703125,335953.59403225244,3140550.723813771,2800.319091796875,336195.0,3140955.0,2782.12939453125,336075.0,3141015.0,2669.617431640625,336525.0,3140445.0,2824.6689453125,2787.16357421875,335974.8904247211,3140572.0202062395,2800.224609375,336190.0,3140940.0,2782.8154296875,336094.0,3141036.0,2672.80859375,336542.0,3140460.0,2819.898193359375,2786.952392578125,335974.8904247211,3140572.0202062395,2804.38623046875,336206.0,3140924.0,2784.74462890625,336078.0,3140988.0,2670.338134765625,336590.0,3140476.0
3400.0,336319.11277877045,3140880.8872212297,2830.237060546875,2787.44580078125,335957.07410680293,3140518.848549262,2804.9453125,336195.0,3140895.0,2785.40087890625,336105.0,3141015.0,2649.683349609375,336585.0,3140445.0,2829.565673828125,2787.426513671875,335978.3704992716,3140540.144941731,2807.036376953125,336222.0,3140940.0,2786.388427734375,336126.0,3141036.0,2651.695068359375,336606.0,3140460.0,2829.25439453125,2788.06298828125,335957.07410680293,3140518.848549262,2804.38623046875,336206.0,3140924.0,2787.16064453125,336142.0,3141052.0,2670.338134765625,336590.0,3140476.0
3425.0,336336.2768057889,3140862.732119613,2829.49072265625,2787.54345703125,335971.5771540451,3140547.7642385615,2807.56396484375,336225.0,3140925.0,2788.35498046875,336135.0,3141015.0,2633.28564453125,336615.0,3140445.0,2831.2607421875,2787.426513671875,335963.97924463375,3140541.202407706,2807.431396484375,336222.0,3140908.0,2788.0869140625,336126.0,3141004.0,2624.2529296875,336606.0,3140428.0,2829.25439453125,2788.06298828125,335948.7834258111,3140528.0787459956,2819.898193359375,336270.0,3140924.0,2790.962646484375,336142.0,3140988.0,2642.520751953125,336654.0,3140476.0
3450.0,336352.61730254756,3140843.811544419,2828.143310546875,2787.44580078125,335965.12392256974,3140509.1581708016,2814.156982421875,336255.0,3140895.0,2779.7333984375,336465.0,3140625.0,2607.62451171875,336615.0,3140415.0,2828.94384765625,2787.5703125,335965.12392256974,3140509.1581708016,2814.49560546875,336254.0,3140908.0,2785.462646484375,336446.0,3140620.0,2609.296875,336638.0,3140428.0,2829.25439453125,2788.06298828125,335965.12392256974,3140509.1581708016,2819.898193359375,336270.0,3140924.0,2790.962646484375,336142.0,3140988.0,2620.902587890625,336590.0,3140412.0
3475.0,336368.9577993062,3140824.8909692243,2830.603271484375,2787.665771484375,335981.4644193284,3140490.237595607,2817.321533203125,336255.0,3140865.0,2761.477783203125,336465.0,3140595.0,2586.21435546875,336615.0,3140385.0,2833.015625,2787.463134765625,335981.4644193284,3140490.237595607,2815.8076171875,336254.0,3140876.0,2766.552734375,336510.0,3140620.0,2586.971435546875,336638.0,3140396.0,2839.2412109375,2787.9287109375,335981.4644193284,3140490.237595607,2820.708984375,336270.0,3140860.0,2769.396240234375,336462.0,3140604.0,2593.800048828125,336654.0,3140412.0
3500.0,336385.29829606484,3140805.97039403,2831.803955078125,2788.124755859375,335997.804916087,3140471.317020413,2822.358154296875,336285.0,3140835.0,2741.05322265625,336465.0,3140565.0,2562.247314453125,336555.0,3140325.0,2833.015625,2788.705322265625,336005.4028254984,3140477.8788512684,2823.22802734375,336286.0,3140844.0,2745.194580078125,336510.0,3140588.0,2561.61328125,336574.0,3140332.0,2839.2412109375,2788.733154296875,336043.392372555,3140510.6880055442,2820.708984375,336270.0,3140860.0,2754.64599609375,336526.0,3140604.0,2571.157470703125,336590.0,3140348.0
3525.0,336401.63879282353,3140787.049818836,2843.4873046875,2790.9365234375,336025.5422769627,3140462.239191502,2814.760986328125,336465.0,3140685.0,2728.35693359375,336525.0,3140565.0,2547.317626953125,336615.0,3140325.0,2845.521484375,2791.48876953125,336044.537050491,3140478.64376864,2820.158203125,336446.0,3140684.0,2724.132080078125,336510.0,3140556.0,2553.2021484375,336606.0,3140332.0,2839.2412109375,2790.7958984375,336014.1454128457,3140452.396445219,2829.25439453125,336334.0,3140860.0,2754.64599609375,336526.0,3140604.0,2551.912841796875,336654.0,3140348.0
3550.0,336417.9792895822,3140768.1292436416,2843.4873046875,2797.0556640625,336030.48590960435,3140433.4758700244,2797.434326171875,336465.0,3140655.0,2712.910888671875,336495.0,3140535.0,2530.60546875,336585.0,3140295.0,2845.521484375,2793.59619140625,336045.681728427,3140446.599531735,2810.6591796875,336510.0,3140684.0,2722.47509765625,336542.0,3140556.0,2532.102783203125,336606.0,3140300.0,2839.2412109375,2790.7958984375,336045.681728427,3140446.599531735,2807.03515625,336462.0,3140668.0,2714.8583984375,336526.0,3140540.0,2551.912841796875,336654.0,3140348.0
3575.0,336434.3197863408,3140749.2086684476,2847.29833984375,2796.84375,336046.826406363,3140414.5552948304,2779.7333984375,336465.0,3140625.0,2710.923583984375,336555.0,3140535.0,2514.71240234375,336645.0,3140295.0,2848.049560546875,2800.555908203125,336046.826406363,3140414.5552948304,2788.111572265625,336510.0,3140652.0,2705.685302734375,336542.0,3140524.0,2507.20263671875,336670.0,3140300.0,2842.1123046875,2800.4697265625,336081.016998714,3140444.083533679,2798.8173828125,336526.0,3140668.0,2714.8583984375,336526.0,3140540.0,2531.04638671875,336590.0,3140284.0
3600.0,336450.66028309945,3140730.288093253,2846.7578125,2803.2041015625,336063.16690312163,3140395.634719636,2771.69873046875,336495.0,3140625.0,2695.999755859375,336555.0,3140505.0,2496.244140625,336705.0,3140295.0,2836.474365234375,2800.371337890625,336063.16690312163,3140395.634719636,2766.552734375,336510.0,3140620.0,2690.17431640625,336542.0,3140492.0,2491.053466796875,336670.0,3140268.0,2842.1123046875,2804.215087890625,336063.16690312163,3140395.634719636,2798.8173828125,336526.0,3140668.0,2714.8583984375,336526.0,3140540.0,2505.96728515625,336654.0,3140284.0
3625.0,336467.0007798581,3140711.367518059,2831.79150390625,2803.2041015625,336079.50739988027,3140376.7141444418,2752.0791015625,336495.0,3140595.0,2679.18505859375,336555.0,3140475.0,2482.275634765625,336705.0,3140265.0,2833.20166015625,2806.700439453125,336079.50739988027,3140376.7141444418,2764.26220703125,336542.0,3140620.0,2686.27099609375,336574.0,3140492.0,2484.6337890625,336702.0,3140268.0,2842.1123046875,2802.588134765625,336368.2279575108,3140626.063716941,2798.8173828125,336526.0,3140668.0,2696.415771484375,336654.0,3140540.0,2493.267578125,336718.0,3140284.0
3650.0,336483.3412766168,3140692.446942865,2812.39111328125,2793.849609375,336422.55800132616,3140639.952296023,2730.951171875,336495.0,3140565.0,2661.319091796875,336615.0,3140475.0,2481.284912109375,336735.0,3140265.0,2812.550537109375,2802.1708984375,336399.76427309215,3140620.2668034574,2742.57421875,336542.0,3140588.0,2664.21826171875,336638.0,3140492.0,2483.539306640625,336734.0,3140268.0,2807.03515625,2802.588134765625,336369.37263544684,3140594.019480036,2754.64599609375,336526.0,3140604.0,2670.338134765625,336590.0,3140476.0,2493.267578125,336718.0,3140284.0
3675.0,336499.6817733754,3140673.5263676704,2812.39111328125,2778.40625,336423.70267926215,3140607.908059118,2727.187744140625,336555.0,3140565.0,2633.28564453125,336615.0,3140445.0,2479.79296875,336735.0,3140235.0,2810.6591796875,2785.462646484375,336431.30058867345,3140614.4698899733,2742.57421875,336542.0,3140588.0,2635.563232421875,336638.0,3140460.0,2480.43603515625,336734.0,3140236.0,2798.8173828125,2769.396240234375,336431.30058867345,3140614.4698899733,2754.64599609375,336526.0,3140604.0,2642.520751953125,336654.0,3140476.0,2493.267578125,336718.0,3140284.0
3700.0,336516.02227013407,3140654.6057924763,2789.5693359375,2759.92529296875,336421.0484024924,3140572.582906786,2710.923583984375,336555.0,3140535.0,2618.52880859375,336645.0,3140445.0,2473.98388671875,336795.0,3140235.0,2788.111572265625,2767.255615234375,336432.44526660943,3140582.425653069,2722.47509765625,336542.0,3140556.0,2622.822509765625,336670.0,3140460.0,2475.24365234375,336766.0,3140236.0,2798.8173828125,2769.396240234375,336432.44526660943,3140582.425653069,2754.64599609375,336526.0,3140604.0,2642.520751953125,336654.0,3140476.0,2473.988037109375,336782.0,3140220.0
3725.0,336533.0082134121,3140636.269108065,2768.87353515625,2740.716552734375,336420.0442820498,3140529.250646774,2710.923583984375,336555.0,3140535.0,2596.454345703125,336645.0,3140415.0,2467.62451171875,336795.0,3140205.0,2786.489013671875,2727.58935546875,336430.9762754074,3140539.6072720606,2705.685302734375,336542.0,3140524.0,2599.641357421875,336670.0,3140428.0,2467.307861328125,336798.0,3140204.0,2798.8173828125,2729.562744140625,336430.9762754074,3140539.6072720606,2714.8583984375,336526.0,3140540.0,2593.800048828125,336654.0,3140412.0,2473.988037109375,336782.0,3140220.0
3750.0,336550.20182960987,3140618.120290967,2767.538818359375,2722.208740234375,336451.8138893911,3140524.9106633915,2694.03515625,336585.0,3140505.0,2577.403564453125,336645.0,3140385.0,2463.119873046875,336825.0,3140205.0,2764.26220703125,2711.394287109375,336433.5939004617,3140507.649621248,2704.33837890625,336606.0,3140524.0,2579.2900390625,336670.0,3140396.0,2463.179443359375,336830.0,3140204.0,2754.64599609375,2699.20703125,336433.5939004617,3140507.649621248,2714.8583984375,336526.0,3140540.0,2593.800048828125,336654.0,3140412.0,2473.988037109375,336782.0,3140220.0
3775.0,336567.3954458076,3140599.97147387,2746.647705078125,2695.406494140625,336450.7875166594,3140489.5008041505,2672.160888671875,336645.0,3140505.0,2564.205078125,336705.0,3140385.0,2459.724365234375,336825.0,3140175.0,2743.531005859375,2698.99560546875,336432.56752773,3140472.239762007,2672.634033203125,336670.0,3140524.0,2566.365234375,336638.0,3140364.0,2460.403564453125,336830.0,3140172.0,2758.34228515625,2699.20703125,336432.56752773,3140472.239762007,2696.415771484375,336654.0,3140540.0,2583.228515625,336718.0,3140412.0,2473.988037109375,336782.0,3140220.0
3800.0,336584.5890620054,3140581.822656772,2749.30712890625,2686.080322265625,336453.40514171374,3140457.5431533377,2644.771484375,336645.0,3140475.0,2553.14208984375,336675.0,3140355.0,2457.24267578125,336855.0,3140175.0,2743.531005859375,2687.384033203125,336464.33713507134,3140467.899778624,2647.479736328125,336670.0,3140492.0,2552.19384765625,336702.0,3140364.0,2459.51318359375,336862.0,3140172.0,2758.34228515625,2680.26171875,336431.5411549984,3140436.8299027653,2696.415771484375,336654.0,3140540.0,2583.228515625,336718.0,3140412.0,2463.5478515625,336846.0,3140156.0
3825.0,336601.7826782032,3140563.6738396743,2736.035400390625,2677.5517578125,336481.53075126914,3140449.7509615263,2618.52880859375,336645.0,3140445.0,2528.011962890625,336675.0,3140325.0,2457.24267578125,336855.0,3140175.0,2727.62646484375,2677.46630859375,336463.31076233974,3140432.4899193826,2622.822509765625,336670.0,3140460.0,2529.19580078125,336702.0,3140332.0,2459.51318359375,336862.0,3140172.0,2715.38720703125,2680.26171875,336430.5147822668,3140401.420043524,2642.520751953125,336654.0,3140476.0,2539.23486328125,336718.0,3140348.0,2463.5478515625,336846.0,3140156.0
3850.0,336618.9762944009,3140545.5250225766,2712.990234375,2667.402099609375,336480.5043785375,3140414.341102285,2609.570556640625,336675.0,3140445.0,2522.189453125,336735.0,3140325.0,2457.24267578125,336855.0,3140175.0,2727.62646484375,2666.74169921875,336495.080369681,3140428.149936,2616.555419921875,336702.0,3140460.0,2527.18115234375,336734.0,3140332.0,2459.51318359375,336862.0,3140172.0,2715.38720703125,2653.514404296875,336495.080369681,3140428.149936,2627.482177734375,336718.0,3140476.0,2539.23486328125,336718.0,3140348.0,2463.5478515625,336846.0,3140156.0
3875.0,336636.1699105987,3140527.3762054793,2699.388671875,2655.43701171875,336512.2739858788,3140410.0011189026,2589.26416015625,336675.0,3140415.0,2496.244140625,336705.0,3140295.0,2457.24267578125,336855.0,3140175.0,2692.790283203125,2654.56298828125,336526.8499770223,3140423.8099526176,2594.502685546875,336702.0,3140428.0,2501.633544921875,336702.0,3140300.0,2459.51318359375,336862.0,3140172.0,2696.415771484375,2653.514404296875,336494.0539969494,3140392.740076759,2627.482177734375,336718.0,3140476.0,2539.23486328125,336718.0,3140348.0,2463.5478515625,336846.0,3140156.0
3900.0,336653.36352679646,3140509.2273883815,2672.160888671875,2640.784912109375,336540.3995954342,3140402.2089270907,2571.364501953125,336675.0,3140385.0,2496.244140625,336705.0,3140295.0,2457.24267578125,336855.0,3140175.0,2692.790283203125,2637.821044921875,336529.46760207653,3140391.852301805,2572.6748046875,336702.0,3140396.0,2483.539306640625,336734.0,3140268.0,2459.51318359375,336862.0,3140172.0,2696.415771484375,2617.402099609375,336496.6716220036,3140360.782425946,2583.228515625,336718.0,3140412.0,2493.267578125,336718.0,3140284.0,2463.5478515625,336846.0,3140156.0
3925.0,336670.55714299425,3140491.0785712837,2654.309814453125,2599.25634765625,336510.2212404155,3140339.1814004197,2562.17529296875,336735.0,3140385.0,2481.284912109375,336735.0,3140265.0,2457.24267578125,336855.0,3140175.0,2647.479736328125,2617.3466796875,336528.4412293449,3140356.4424425634,2570.912353515625,336734.0,3140396.0,2483.539306640625,336734.0,3140268.0,2459.51318359375,336862.0,3140172.0,2642.520751953125,2617.402099609375,336495.645249272,3140325.3725667046,2583.228515625,336718.0,3140412.0,2493.267578125,336718.0,3140284.0,2463.5478515625,336846.0,3140156.0
3950.0,336687.750759192,3140472.9297541864,2632.0,2562.247314453125,336541.9908477568,3140334.8414170374,2541.8134765625,336735.0,3140355.0,2474.597900390625,336765.0,3140235.0,2457.24267578125,336855.0,3140175.0,2616.555419921875,2586.478271484375,336527.41485661326,3140321.0325833224,2548.368408203125,336734.0,3140364.0,2475.24365234375,336766.0,3140236.0,2459.51318359375,336862.0,3140172.0,2627.482177734375,2571.157470703125,336560.2108366862,3140352.102459181,2583.228515625,336718.0,3140412.0,2493.267578125,336718.0,3140284.0,2463.5478515625,336846.0,3140156.0
3975.0,336705.373320247,3140455.223715336,2605.873046875,2530.60546875,336571.9794828035,3140305.155648212,2541.8134765625,336735.0,3140355.0,2473.98388671875,336795.0,3140235.0,2457.24267578125,336855.0,3140175.0,2616.555419921875,2537.171875,336558.64009905915,3140290.1488415,2548.368408203125,336734.0,3140364.0,2475.24365234375,336766.0,3140236.0,2459.51318359375,336862.0,3140172.0,2627.482177734375,2531.04638671875,336558.64009905915,3140290.1488415,2583.228515625,336718.0,3140412.0,2493.267578125,336718.0,3140284.0,2463.5478515625,336846.0,3140156.0
4000.0,336724.0585532141,3140438.6146193654,2607.19921875,2527.5390625,336600.6692535789,3140299.8016572758,2522.189453125,336735.0,3140325.0,2463.119873046875,336825.0,3140205.0,2457.24267578125,336855.0,3140175.0,2594.82373046875,2532.102783203125,336590.66471577063,3140288.5465522413,2527.18115234375,336734.0,3140332.0,2467.307861328125,336798.0,3140204.0,2459.51318359375,336862.0,3140172.0,2583.228515625,2531.04638671875,336560.65110234584,3140254.7812371384,2539.23486328125,336718.0,3140348.0,2473.988037109375,336782.0,3140220.0,2463.5478515625,336846.0,3140156.0
4025.0,336742.7437861812,3140422.0055233943,2585.298095703125,2510.8818359375,336602.6802568655,3140264.4340529144,2499.062744140625,336735.0,3140295.0,2463.119873046875,336825.0,3140205.0,2457.24267578125,336855.0,3140175.0,2594.82373046875,2519.040283203125,336592.67571905727,3140253.17894788,2527.18115234375,336734.0,3140332.0,2463.179443359375,336830.0,3140204.0,2459.51318359375,336862.0,3140172.0,2583.228515625,2505.96728515625,336622.68933248206,3140286.944262983,2539.23486328125,336718.0,3140348.0,2473.988037109375,336782.0,3140220.0,2463.5478515625,336846.0,3140156.0
4050.0,336761.4290191483,3140405.3964274237,2587.375732421875,2498.242919921875,336631.3700276409,3140259.0800619777,2496.244140625,336705.0,3140295.0,2457.24267578125,336855.0,3140175.0,2457.24267578125,336855.0,3140175.0,2572.58984375,2503.46728515625,336628.0351817048,3140255.3283602996,2501.633544921875,336702.0,3140300.0,2459.51318359375,336862.0,3140172.0,2459.51318359375,336862.0,3140172.0,2585.6806640625,2505.96728515625,336628.0351817048,3140255.3283602996,2539.23486328125,336718.0,3140348.0,2473.988037109375,336782.0,3140220.0,2463.5478515625,336846.0,3140156.0
4075.0,336780.11425211537,3140388.787331453,2565.12939453125,2487.4765625,336660.0597984162,3140253.7260710415,2485.18603515625,336765.0,3140265.0,2457.24267578125,336855.0,3140175.0,2457.24267578125,336855.0,3140175.0,2572.58984375,2484.6337890625,336686.7385659049,3140283.7396844663,2501.633544921875,336702.0,3140300.0,2459.51318359375,336862.0,3140172.0,2459.178955078125,337118.0,3140012.0,2585.6806640625,2493.267578125,336686.7385659049,3140283.7396844663,2539.23486328125,336718.0,3140348.0,2473.988037109375,336782.0,3140220.0,2463.5478515625,336846.0,3140156.0
4100.0,336798.79948508245,3140372.1782354824,2565.12939453125,2482.275634765625,336692.08441512764,3140252.1237817835,2481.284912109375,336735.0,3140265.0,2457.24267578125,336855.0,3140175.0,2452.71728515625,337125.0,3139995.0,2553.198974609375,2483.539306640625,336718.7631826163,3140282.1373952082,2483.539306640625,336734.0,3140268.0,2459.51318359375,336862.0,3140172.0,2452.55615234375,337118.0,3139980.0,2542.323974609375,2493.267578125,336692.08441512764,3140252.1237817835,2493.267578125,336718.0,3140284.0,2463.5478515625,336846.0,3140156.0,2455.806884765625,337102.0,3139964.0
