station,arrival_time_s,truth_arrival_time_s,arrival_error_s,missed_arrival,peak_Q_relative_error,peak_Qdebris_relative_error,peak_hmax_relative_error,peak_stage_absolute_error,wet_width_relative_error,method,scenario_id
gyirong_cctv_arrival,10.0,370.0,360.0,False,0.8989427368893259,0.8775993660875667,40.94587271341464,1341.820556640625,0.7857142857142857,EngineeringROI_B20,JILONG_EI_0009
rasuwagadhi_signal_loss,10.0,400.0,390.0,False,0.7696767035517728,0.7194283976959512,4.804456156398911,221.7760009765625,0.8,EngineeringROI_B20,JILONG_EI_0009
syabrubesi_signal_loss,240.0,1060.0,820.0,False,3.761893867431796,4.98419303959916,11.002213391657063,88.3074951171875,0.6,EngineeringROI_B20,JILONG_EI_0009
gyirong_cctv_arrival,10.0,400.0,390.0,False,0.7398224518517303,0.6719282248342363,43.08309733072917,1319.7855224609375,0.8235294117647058,EngineeringROI_B20,JILONG_EI_0019
rasuwagadhi_signal_loss,10.0,430.0,420.0,False,0.7428109409981464,0.6671171625557418,4.067516172552384,177.34765625,0.7777777777777778,EngineeringROI_B20,JILONG_EI_0019
syabrubesi_signal_loss,1070.0,1170.0,100.0,False,1.6743389823699104,3.2332173244649947,4.401961836120892,13.6241455078125,0.6,EngineeringROI_B20,JILONG_EI_0019
gyirong_cctv_arrival,10.0,360.0,350.0,False,0.636697712044955,0.5356635235614537,40.46415322058061,1251.79345703125,0.6666666666666666,EngineeringROI_B20,JILONG_EI_0029
rasuwagadhi_signal_loss,10.0,390.0,380.0,False,0.6542287979770517,0.5675075824105593,8.351028608119117,362.47412109375,0.7777777777777778,EngineeringROI_B20,JILONG_EI_0029
syabrubesi_signal_loss,790.0,1010.0,220.0,False,3.624175343364804,4.973769529193588,6.8347725891410045,261.282470703125,0.6,EngineeringROI_B20,JILONG_EI_0029
gyirong_cctv_arrival,10.0,380.0,370.0,False,0.8244872168591899,0.760072943157171,19.846769241266376,599.297119140625,0.6666666666666666,EngineeringROI_B20,JILONG_EI_0039
rasuwagadhi_signal_loss,10.0,400.0,390.0,False,0.6747232668323879,0.5941501898813858,10.5859367298403,422.166015625,0.7777777777777778,EngineeringROI_B20,JILONG_EI_0039
syabrubesi_signal_loss,110.0,1100.0,990.0,False,3.855771189214229,6.199224025423675,12.420599269779208,420.2525634765625,0.6,EngineeringROI_B20,JILONG_EI_0039
gyirong_cctv_arrival,10.0,350.0,340.0,False,0.9016178766667547,0.8824489497803762,7.969530306461353,0.0,0.6666666666666666,EngineeringROI_B20,JILONG_EI_0049
rasuwagadhi_signal_loss,10.0,380.0,370.0,False,0.7832023881129377,0.7391950850571193,1.3224219810040705,60.7841796875,0.8181818181818182,EngineeringROI_B20,JILONG_EI_0049
syabrubesi_signal_loss,760.0,940.0,180.0,False,3.151146309735218,4.006594334365516,8.33454971429249,107.25830078125,0.6,EngineeringROI_B20,JILONG_EI_0049
gyirong_cctv_arrival,10.0,380.0,370.0,False,0.8544007142050853,0.814299084017997,22.7126509464752,711.509521484375,0.6666666666666666,EngineeringROI_B20,JILONG_EI_0059
rasuwagadhi_signal_loss,10.0,410.0,400.0,False,0.7252669980180888,0.6599040195903382,5.575143491918909,234.4405517578125,0.7777777777777778,EngineeringROI_B20,JILONG_EI_0059
syabrubesi_signal_loss,800.0,1100.0,300.0,False,2.4895611367799724,3.7385442271889584,6.542183126076658,235.3560791015625,0.6,EngineeringROI_B20,JILONG_EI_0059
gyirong_cctv_arrival,10.0,360.0,350.0,False,0.7736957006887801,0.7301477641460968,17.02248114224138,574.500732421875,0.6666666666666666,EngineeringROI_B20,JILONG_EI_0069
rasuwagadhi_signal_loss,40.0,380.0,340.0,False,0.7819760817537281,0.7433114274124574,1.5121610953832754,70.450927734375,0.8,EngineeringROI_B20,JILONG_EI_0069
syabrubesi_signal_loss,820.0,960.0,140.0,False,1.5634405271132217,2.036186818819404,7.9425462032823395,31.2860107421875,0.6,EngineeringROI_B20,JILONG_EI_0069
gyirong_cctv_arrival,10.0,380.0,370.0,False,0.8109957404223805,0.7621676130165664,25.34470259138207,773.837890625,0.6666666666666666,EngineeringROI_B20,JILONG_EI_0079
rasuwagadhi_signal_loss,10.0,410.0,400.0,False,0.6871609681431277,0.6184004053087561,4.791489235241718,195.2957763671875,0.7777777777777778,EngineeringROI_B20,JILONG_EI_0079
syabrubesi_signal_loss,900.0,1100.0,200.0,False,1.840484103473572,2.876390659969812,5.936013664997799,209.2193603515625,0.6,EngineeringROI_B20,JILONG_EI_0079
gyirong_cctv_arrival,10.0,360.0,350.0,False,0.8879442396171423,0.8663014864528069,6.664230405142481,0.0,0.7,EngineeringROI_B20,JILONG_EI_0089
rasuwagadhi_signal_loss,10.0,380.0,370.0,False,0.770924216121208,0.7127576112750462,1.389591139190051,9.1204833984375,0.8181818181818182,EngineeringROI_B20,JILONG_EI_0089
syabrubesi_signal_loss,720.0,950.0,230.0,False,1.2604194150155124,1.80319195105767,4.176357209100301,62.983642578125,0.6,EngineeringROI_B20,JILONG_EI_0089
gyirong_cctv_arrival,10.0,380.0,370.0,False,0.8534284940118385,0.8068792310464021,10.207896205357144,334.20849609375,0.6666666666666666,EngineeringROI_B20,JILONG_EI_0099
rasuwagadhi_signal_loss,10.0,400.0,390.0,False,0.6796548015038891,0.5936679259195432,2.015219432066735,86.8433837890625,0.7777777777777778,EngineeringROI_B20,JILONG_EI_0099
syabrubesi_signal_loss,140.0,1080.0,940.0,False,1.358727647977822,2.2465475805446564,8.195477905795551,298.5450439453125,0.6,EngineeringROI_B20,JILONG_EI_0099
gyirong_cctv_arrival,10.0,400.0,390.0,False,0.8685570228647304,0.8395961574904393,17.24574603071317,543.5626220703125,0.8571428571428571,EngineeringROI_B20,JILONG_EI_0109
rasuwagadhi_signal_loss,10.0,430.0,420.0,False,0.7527312595170228,0.6887584926335825,0.9274122951902748,37.9111328125,0.7777777777777778,EngineeringROI_B20,JILONG_EI_0109
syabrubesi_signal_loss,990.0,1190.0,200.0,False,1.131240573008357,2.4125816711198964,4.947686191774764,18.335693359375,0.5,EngineeringROI_B20,JILONG_EI_0109
gyirong_cctv_arrival,10.0,400.0,390.0,False,0.8793712642621164,0.8415999499057719,35.27543599504249,1002.33544921875,0.7272727272727273,EngineeringROI_B20,JILONG_EI_0119
rasuwagadhi_signal_loss,10.0,430.0,420.0,False,0.5956972113870059,0.4669854123570541,3.2247833203742102,128.727294921875,0.7777777777777778,EngineeringROI_B20,JILONG_EI_0119
syabrubesi_signal_loss,50.0,1240.0,1190.0,False,2.9936392120614426,6.3835031376171605,12.768190934354028,353.0299072265625,0.5,EngineeringROI_B20,JILONG_EI_0119
gyirong_cctv_arrival,10.0,350.0,340.0,False,0.7837459075683763,0.7318608458867845,16.634429344474594,561.696044921875,0.6666666666666666,EngineeringROI_B20,JILONG_EI_0129
rasuwagadhi_signal_loss,10.0,380.0,370.0,False,0.6908692559745037,0.6178947184500857,5.143190086094726,233.658447265625,0.8,EngineeringROI_B20,JILONG_EI_0129
syabrubesi_signal_loss,890.0,950.0,60.0,False,4.887504758049488,6.378096452045392,8.177539364841332,46.4981689453125,0.6,EngineeringROI_B20,JILONG_EI_0129
gyirong_cctv_arrival,10.0,380.0,370.0,False,0.812321080830318,0.7643897748558284,35.5761558570257,1046.880859375,0.6666666666666666,EngineeringROI_B20,JILONG_EI_0139
rasuwagadhi_signal_loss,10.0,400.0,390.0,False,0.6501660753761221,0.5555037975503141,15.489636418269232,630.04638671875,0.7777777777777778,EngineeringROI_B20,JILONG_EI_0139
syabrubesi_signal_loss,270.0,1100.0,830.0,False,4.50368817145274,6.619603521581234,11.716127717391304,418.18408203125,0.6,EngineeringROI_B20,JILONG_EI_0139
gyirong_cctv_arrival,10.0,380.0,370.0,False,0.8351477807272761,0.7972672153671625,88.92767200963,2768.9722900390625,0.7857142857142857,EngineeringROI_B20,JILONG_EI_0149
rasuwagadhi_signal_loss,10.0,410.0,400.0,False,0.7123627135318263,0.6399372221194447,17.386823357117688,771.33544921875,0.7777777777777778,EngineeringROI_B20,JILONG_EI_0149
syabrubesi_signal_loss,280.0,1120.0,840.0,False,4.520260337742297,6.3631131028767145,15.90050803462632,607.5623779296875,0.6,EngineeringROI_B20,JILONG_EI_0149
gyirong_cctv_arrival,10.0,390.0,380.0,False,0.760678489220071,0.6888316319106246,24.32276343885575,732.377197265625,0.6666666666666666,EngineeringROI_B20,JILONG_EI_0159
rasuwagadhi_signal_loss,10.0,420.0,410.0,False,0.6968730050052399,0.6026809800534839,5.767857357321291,236.211669921875,0.7777777777777778,EngineeringROI_B20,JILONG_EI_0159
syabrubesi_signal_loss,780.0,1150.0,370.0,False,1.7870197423125,3.4357578791995214,5.68745809350892,183.2274169921875,0.5,EngineeringROI_B20,JILONG_EI_0159
gyirong_cctv_arrival,10.0,390.0,380.0,False,0.8926300674343278,0.879726581672068,6.32888438880707,6.6148681640625,0.8636363636363636,EngineeringROI_B20,JILONG_EI_0169
rasuwagadhi_signal_loss,10.0,420.0,410.0,False,0.7754746187917099,0.7167270602746223,0.8562734008952476,22.3671875,0.7777777777777778,EngineeringROI_B20,JILONG_EI_0169
syabrubesi_signal_loss,730.0,1120.0,390.0,False,1.0734090266477854,1.7970534470935131,3.8107146474878446,49.363525390625,0.6,EngineeringROI_B20,JILONG_EI_0169
gyirong_cctv_arrival,10.0,380.0,370.0,False,0.9044907411712292,0.8868861384733002,16.709403707349082,529.29833984375,0.75,EngineeringROI_B20,JILONG_EI_0179
rasuwagadhi_signal_loss,10.0,410.0,400.0,False,0.721673572187615,0.6604645371079125,1.4732204151915396,63.3087158203125,0.7777777777777778,EngineeringROI_B20,JILONG_EI_0179
syabrubesi_signal_loss,620.0,1110.0,490.0,False,2.181344435733644,3.2740158440883467,5.092223296294341,40.9222412109375,0.6,EngineeringROI_B20,JILONG_EI_0179
gyirong_cctv_arrival,10.0,410.0,400.0,False,0.8957265887682162,0.869656276439986,36.983254884834366,1140.6639404296875,0.8636363636363636,EngineeringROI_B20,JILONG_EI_0189
rasuwagadhi_signal_loss,10.0,440.0,430.0,False,0.684945956441909,0.590805022379907,2.009214743589744,89.184326171875,0.7777777777777778,EngineeringROI_B20,JILONG_EI_0189
syabrubesi_signal_loss,890.0,1250.0,360.0,False,3.107774219630462,6.207900519009213,5.886035309717129,46.310791015625,0.5,EngineeringROI_B20,JILONG_EI_0189
gyirong_cctv_arrival,10.0,390.0,380.0,False,0.996509531856442,0.9999516486773562,0.9567361111111112,0.0,0.6666666666666666,EngineeringROI_B20,JILONG_EI_0199
rasuwagadhi_signal_loss,10.0,420.0,410.0,False,0.6367099448060011,0.5420868664046773,11.73605303697183,469.287109375,0.7777777777777778,EngineeringROI_B20,JILONG_EI_0199
syabrubesi_signal_loss,1210.0,1170.0,40.0,False,2.8841018094341027,5.233017797721667,2.5958425659417643,5.9501953125,0.5,EngineeringROI_B20,JILONG_EI_0199
