case,time_s,cell_id,h,speed,terrain_z
C1,0,1,0.0,0.0,2773.6123046875
C1,0,2,0.0,0.0,2783.94091796875
C1,0,3,0.0,0.0,2807.7353515625
C1,30,1,8.863157765948051,1.4394302158631513,2773.6123046875
C1,30,2,5.065025376923625,3.4081005257041936,2783.94091796875
C1,30,3,5.160163600477515,2.5901887541845103,2807.7353515625
C1,60,1,32.1223696939184,0.0,2773.6123046875
C1,60,2,11.13943050176718,0.0,2783.94091796875
C1,60,3,5.543379633455778,0.0,2807.7353515625
C1,90,1,43.17256208376372,0.0,2773.6123046875
C1,90,2,21.20860218466983,0.0,2783.94091796875
C1,90,3,1.337516026976379,0.0,2807.7353515625
C1,120,1,43.17256208376369,0.0,2773.6123046875
C1,120,2,16.707522167355,0.0,2783.94091796875
C1,120,3,0.0623068654822307,0.0,2807.7353515625
C1,150,1,43.17256208376369,0.0,2773.6123046875
C1,150,2,16.707522167355,0.0,2783.94091796875
C1,150,3,0.04444504598174404,0.0,2807.7353515625
C1,180,1,43.17256208376369,0.0,2773.6123046875
C1,180,2,16.707522167355,0.0,2783.94091796875
C1,180,3,0.03329810327079893,0.0,2807.7353515625
C1,210,1,43.17256208376369,0.0,2773.6123046875
C1,210,2,16.707522167355,0.0,2783.94091796875
C1,210,3,0.0,0.0,2807.7353515625
C1,240,1,43.17256208376369,0.0,2773.6123046875
C1,240,2,16.707522167355,0.0,2783.94091796875
C1,240,3,0.0,0.0,2807.7353515625
C1,270,1,43.17256208376369,0.0,2773.6123046875
C1,270,2,16.707522167355,0.0,2783.94091796875
C1,270,3,0.0,0.0,2807.7353515625
C1,300,1,43.17256208376369,0.0,2773.6123046875
C1,300,2,16.707522167355,0.0,2783.94091796875
C1,300,3,0.0,0.0,2807.7353515625
C1,330,1,43.17256208376369,0.0,2773.6123046875
C1,330,2,16.707522167355,0.0,2783.94091796875
C1,330,3,0.0,0.0,2807.7353515625
C1,360,1,43.17256208376369,0.0,2773.6123046875
C1,360,2,16.707522167355,0.0,2783.94091796875
C1,360,3,0.0,0.0,2807.7353515625
C1,390,1,43.17256208376369,0.0,2773.6123046875
C1,390,2,16.707522167355,0.0,2783.94091796875
C1,390,3,0.0,0.0,2807.7353515625
C1,420,1,43.17256208376369,0.0,2773.6123046875
C1,420,2,16.707522167355,0.0,2783.94091796875
C1,420,3,0.0,0.0,2807.7353515625
C1,450,1,43.17256208376369,0.0,2773.6123046875
C1,450,2,16.707522167355,0.0,2783.94091796875
C1,450,3,0.0,0.0,2807.7353515625
C1,480,1,43.17256208376369,0.0,2773.6123046875
C1,480,2,16.707522167355,0.0,2783.94091796875
C1,480,3,0.0,0.0,2807.7353515625
C1,510,1,43.17256208376369,0.0,2773.6123046875
C1,510,2,16.707522167355,0.0,2783.94091796875
C1,510,3,0.0,0.0,2807.7353515625
C1,540,1,43.17256208376369,0.0,2773.6123046875
C1,540,2,16.707522167355,0.0,2783.94091796875
C1,540,3,0.0,0.0,2807.7353515625
C1,570,1,43.17256208376369,0.0,2773.6123046875
C1,570,2,16.707522167355,0.0,2783.94091796875
C1,570,3,0.0,0.0,2807.7353515625
C1,600,1,43.17256208376369,0.0,2773.6123046875
C1,600,2,16.707522167355,0.0,2783.94091796875
C1,600,3,0.0,0.0,2807.7353515625
C1,630,1,43.17256208376369,0.0,2773.6123046875
C1,630,2,16.707522167355,0.0,2783.94091796875
C1,630,3,0.0,0.0,2807.7353515625
C1,660,1,43.17256208376369,0.0,2773.6123046875
C1,660,2,16.707522167355,0.0,2783.94091796875
C1,660,3,0.0,0.0,2807.7353515625
C1,690,1,43.17256208376369,0.0,2773.6123046875
C1,690,2,16.707522167355,0.0,2783.94091796875
C1,690,3,0.0,0.0,2807.7353515625
C1,720,1,43.17256208376369,0.0,2773.6123046875
C1,720,2,16.707522167355,0.0,2783.94091796875
C1,720,3,0.0,0.0,2807.7353515625
C1,750,1,43.17256208376369,0.0,2773.6123046875
C1,750,2,16.707522167355,0.0,2783.94091796875
C1,750,3,0.0,0.0,2807.7353515625
C1,780,1,43.17256208376369,0.0,2773.6123046875
C1,780,2,16.707522167355,0.0,2783.94091796875
C1,780,3,0.0,0.0,2807.7353515625
C1,810,1,43.17256208376369,0.0,2773.6123046875
C1,810,2,16.707522167355,0.0,2783.94091796875
C1,810,3,0.0,0.0,2807.7353515625
C1,840,1,43.17256208376369,0.0,2773.6123046875
C1,840,2,16.707522167355,0.0,2783.94091796875
C1,840,3,0.0,0.0,2807.7353515625
C1,870,1,43.17256208376369,0.0,2773.6123046875
C1,870,2,16.707522167355,0.0,2783.94091796875
C1,870,3,0.0,0.0,2807.7353515625
C1,900,1,43.17256208376369,0.0,2773.6123046875
C1,900,2,16.707522167355,0.0,2783.94091796875
C1,900,3,0.0,0.0,2807.7353515625
C2,0,1,0.0,0.0,2773.6123046875
C2,0,2,0.0,0.0,2783.94091796875
C2,0,3,0.0,0.0,2807.7353515625
C2,30,1,5.451424782056098,0.0,2773.6123046875
C2,30,2,4.972440184729445,0.0,2783.94091796875
C2,30,3,4.063769071914454,0.0,2807.7353515625
C2,60,1,19.22937826097516,0.0,2773.6123046875
C2,60,2,16.45830324975009,0.0,2783.94091796875
C2,60,3,10.32624102715524,0.0,2807.7353515625
C2,90,1,34.82807017045278,0.0,2773.6123046875
C2,90,2,28.66467122782865,0.0,2783.94091796875
C2,90,3,21.18438317617489,0.0,2807.7353515625
C2,120,1,41.26409934432256,0.0,2773.6123046875
C2,120,2,39.42291739124492,0.0,2783.94091796875
C2,120,3,29.79504590472024,0.0,2807.7353515625
C2,150,1,49.05051664406246,0.0,2773.6123046875
C2,150,2,45.14025533146279,0.0,2783.94091796875
C2,150,3,25.78157371801863,0.0,2807.7353515625
C2,180,1,51.96526287234244,0.0,2773.6123046875
C2,180,2,45.54144950759007,0.0,2783.94091796875
C2,180,3,28.50871463780798,0.0,2807.7353515625
C2,210,1,51.96526287234244,0.0,2773.6123046875
C2,210,2,45.5414495075901,0.0,2783.94091796875
C2,210,3,28.50871463780798,0.0,2807.7353515625
C2,240,1,51.96526287234244,0.0,2773.6123046875
C2,240,2,45.5414495075901,0.0,2783.94091796875
C2,240,3,28.50871463780798,0.0,2807.7353515625
C2,270,1,51.96526287234244,0.0,2773.6123046875
C2,270,2,45.5414495075901,0.0,2783.94091796875
C2,270,3,28.50871463780798,0.0,2807.7353515625
C2,300,1,51.96526287234244,0.0,2773.6123046875
C2,300,2,45.5414495075901,0.0,2783.94091796875
C2,300,3,28.50871463780798,0.0,2807.7353515625
C2,330,1,51.96526287234244,0.0,2773.6123046875
C2,330,2,45.5414495075901,0.0,2783.94091796875
C2,330,3,28.50871463780798,0.0,2807.7353515625
C2,360,1,51.96526287234244,0.0,2773.6123046875
C2,360,2,45.5414495075901,0.0,2783.94091796875
C2,360,3,28.50871463780798,0.0,2807.7353515625
C2,390,1,51.96526287234244,0.0,2773.6123046875
C2,390,2,45.5414495075901,0.0,2783.94091796875
C2,390,3,28.50871463780798,0.0,2807.7353515625
C2,420,1,51.96526287234244,0.0,2773.6123046875
C2,420,2,45.5414495075901,0.0,2783.94091796875
C2,420,3,28.50871463780798,0.0,2807.7353515625
C2,450,1,51.96526287234244,0.0,2773.6123046875
C2,450,2,45.5414495075901,0.0,2783.94091796875
C2,450,3,28.50871463780798,0.0,2807.7353515625
C2,480,1,51.96526287234244,0.0,2773.6123046875
C2,480,2,45.5414495075901,0.0,2783.94091796875
C2,480,3,28.50871463780798,0.0,2807.7353515625
C2,510,1,51.96526287234244,0.0,2773.6123046875
C2,510,2,45.5414495075901,0.0,2783.94091796875
C2,510,3,28.50871463780798,0.0,2807.7353515625
C2,540,1,51.96526287234244,0.0,2773.6123046875
C2,540,2,45.5414495075901,0.0,2783.94091796875
C2,540,3,28.50871463780798,0.0,2807.7353515625
C2,570,1,51.96526287234244,0.0,2773.6123046875
C2,570,2,45.5414495075901,0.0,2783.94091796875
C2,570,3,28.50871463780798,0.0,2807.7353515625
C2,600,1,51.96526287234244,0.0,2773.6123046875
C2,600,2,45.5414495075901,0.0,2783.94091796875
C2,600,3,28.50871463780798,0.0,2807.7353515625
C2,630,1,51.96526287234244,0.0,2773.6123046875
C2,630,2,45.5414495075901,0.0,2783.94091796875
C2,630,3,28.50871463780798,0.0,2807.7353515625
C2,660,1,51.96526287234244,0.0,2773.6123046875
C2,660,2,45.5414495075901,0.0,2783.94091796875
C2,660,3,28.50871463780798,0.0,2807.7353515625
C2,690,1,51.96526287234244,0.0,2773.6123046875
C2,690,2,45.5414495075901,0.0,2783.94091796875
C2,690,3,28.50871463780798,0.0,2807.7353515625
C2,720,1,51.96526287234244,0.0,2773.6123046875
C2,720,2,45.5414495075901,0.0,2783.94091796875
C2,720,3,28.50871463780798,0.0,2807.7353515625
C2,750,1,51.96526287234244,0.0,2773.6123046875
C2,750,2,45.5414495075901,0.0,2783.94091796875
C2,750,3,28.50871463780798,0.0,2807.7353515625
C2,780,1,51.96526287234244,0.0,2773.6123046875
C2,780,2,45.5414495075901,0.0,2783.94091796875
C2,780,3,28.50871463780798,0.0,2807.7353515625
C2,810,1,51.96526287234244,0.0,2773.6123046875
C2,810,2,45.5414495075901,0.0,2783.94091796875
C2,810,3,28.50871463780798,0.0,2807.7353515625
C2,840,1,51.96526287234244,0.0,2773.6123046875
C2,840,2,45.5414495075901,0.0,2783.94091796875
C2,840,3,28.50871463780798,0.0,2807.7353515625
C2,870,1,51.96526287234244,0.0,2773.6123046875
C2,870,2,45.5414495075901,0.0,2783.94091796875
C2,870,3,28.50871463780798,0.0,2807.7353515625
C2,900,1,51.96526287234244,0.0,2773.6123046875
C2,900,2,45.5414495075901,0.0,2783.94091796875
C2,900,3,28.50871463780798,0.0,2807.7353515625
C3,0,1,0.0,0.0,2773.6123046875
C3,0,2,0.0,0.0,2783.94091796875
C3,0,3,0.0,0.0,2807.7353515625
C3,30,1,19.88558698555142,0.0,2773.6123046875
C3,30,2,10.65684581356347,4.352919068482959,2783.94091796875
C3,30,3,8.295770025929597,3.1368546056421445,2807.7353515625
C3,60,1,58.33340228669303,0.0,2773.6123046875
C3,60,2,39.91568533319548,0.0,2783.94091796875
C3,60,3,12.21923982201916,0.0,2807.7353515625
C3,90,1,69.96686096370287,0.0,2773.6123046875
C3,90,2,55.51901429423366,0.0,2783.94091796875
C3,90,3,25.5981795431783,0.0,2807.7353515625
C3,120,1,69.96686096370287,0.0,2773.6123046875
C3,120,2,55.51901429423366,0.0,2783.94091796875
C3,120,3,25.59817954317832,0.0,2807.7353515625
C3,150,1,69.96686096370287,0.0,2773.6123046875
C3,150,2,55.51901429423366,0.0,2783.94091796875
C3,150,3,25.59817954317832,0.0,2807.7353515625
C3,180,1,69.96686096370287,0.0,2773.6123046875
C3,180,2,55.51901429423366,0.0,2783.94091796875
C3,180,3,25.59817954317832,0.0,2807.7353515625
C3,210,1,69.96686096370287,0.0,2773.6123046875
C3,210,2,55.51901429423366,0.0,2783.94091796875
C3,210,3,25.59817954317832,0.0,2807.7353515625
C3,240,1,69.96686096370287,0.0,2773.6123046875
C3,240,2,55.51901429423366,0.0,2783.94091796875
C3,240,3,25.59817954317832,0.0,2807.7353515625
C3,270,1,69.96686096370287,0.0,2773.6123046875
C3,270,2,55.51901429423366,0.0,2783.94091796875
C3,270,3,25.59817954317832,0.0,2807.7353515625
C3,300,1,69.96686096370287,0.0,2773.6123046875
C3,300,2,55.51901429423366,0.0,2783.94091796875
C3,300,3,25.59817954317832,0.0,2807.7353515625
C3,330,1,69.96686096370287,0.0,2773.6123046875
C3,330,2,55.51901429423366,0.0,2783.94091796875
C3,330,3,25.59817954317832,0.0,2807.7353515625
C3,360,1,69.96686096370287,0.0,2773.6123046875
C3,360,2,55.51901429423366,0.0,2783.94091796875
C3,360,3,25.59817954317832,0.0,2807.7353515625
C3,390,1,69.96686096370287,0.0,2773.6123046875
C3,390,2,55.51901429423366,0.0,2783.94091796875
C3,390,3,25.59817954317832,0.0,2807.7353515625
C3,420,1,69.96686096370287,0.0,2773.6123046875
C3,420,2,55.51901429423366,0.0,2783.94091796875
C3,420,3,25.59817954317832,0.0,2807.7353515625
C3,450,1,69.96686096370287,0.0,2773.6123046875
C3,450,2,55.51901429423366,0.0,2783.94091796875
C3,450,3,25.59817954317832,0.0,2807.7353515625
C3,480,1,69.96686096370287,0.0,2773.6123046875
C3,480,2,55.51901429423366,0.0,2783.94091796875
C3,480,3,25.59817954317832,0.0,2807.7353515625
C3,510,1,69.96686096370287,0.0,2773.6123046875
C3,510,2,55.51901429423366,0.0,2783.94091796875
C3,510,3,25.59817954317832,0.0,2807.7353515625
C3,540,1,69.96686096370287,0.0,2773.6123046875
C3,540,2,55.51901429423366,0.0,2783.94091796875
C3,540,3,25.59817954317832,0.0,2807.7353515625
C3,570,1,69.96686096370287,0.0,2773.6123046875
C3,570,2,55.51901429423366,0.0,2783.94091796875
C3,570,3,25.59817954317832,0.0,2807.7353515625
C3,600,1,69.96686096370287,0.0,2773.6123046875
C3,600,2,55.51901429423366,0.0,2783.94091796875
C3,600,3,25.59817954317832,0.0,2807.7353515625
C3,630,1,69.96686096370287,0.0,2773.6123046875
C3,630,2,55.51901429423366,0.0,2783.94091796875
C3,630,3,25.59817954317832,0.0,2807.7353515625
C3,660,1,69.96686096370287,0.0,2773.6123046875
C3,660,2,55.51901429423366,0.0,2783.94091796875
C3,660,3,25.59817954317832,0.0,2807.7353515625
C3,690,1,69.96686096370287,0.0,2773.6123046875
C3,690,2,55.51901429423366,0.0,2783.94091796875
C3,690,3,25.59817954317832,0.0,2807.7353515625
C3,720,1,69.96686096370287,0.0,2773.6123046875
C3,720,2,55.51901429423366,0.0,2783.94091796875
C3,720,3,25.59817954317832,0.0,2807.7353515625
C3,750,1,69.96686096370287,0.0,2773.6123046875
C3,750,2,55.51901429423366,0.0,2783.94091796875
C3,750,3,25.59817954317832,0.0,2807.7353515625
C3,780,1,69.96686096370287,0.0,2773.6123046875
C3,780,2,55.51901429423366,0.0,2783.94091796875
C3,780,3,25.59817954317832,0.0,2807.7353515625
C3,810,1,69.96686096370287,0.0,2773.6123046875
C3,810,2,55.51901429423366,0.0,2783.94091796875
C3,810,3,25.59817954317832,0.0,2807.7353515625
C3,840,1,69.96686096370287,0.0,2773.6123046875
C3,840,2,55.51901429423366,0.0,2783.94091796875
C3,840,3,25.59817954317832,0.0,2807.7353515625
C3,870,1,69.96686096370287,0.0,2773.6123046875
C3,870,2,55.51901429423366,0.0,2783.94091796875
C3,870,3,25.59817954317832,0.0,2807.7353515625
C3,900,1,69.96686096370287,0.0,2773.6123046875
C3,900,2,55.51901429423366,0.0,2783.94091796875
C3,900,3,25.59817954317832,0.0,2807.7353515625
C4,0,1,0.0,0.0,2773.6123046875
C4,0,2,0.0,0.0,2783.94091796875
C4,0,3,0.0,0.0,2807.7353515625
C4,30,1,4.118506734703812,3.872650928387207,2773.6123046875
C4,30,2,3.455990096062025,2.9883333053596535,2783.94091796875
C4,30,3,3.455937794752863,2.3451624738025023,2807.7353515625
C4,60,1,22.60634245519064,0.0,2773.6123046875
C4,60,2,7.458932750898093,2.478997568900641,2783.94091796875
C4,60,3,5.297096543430993,0.0,2807.7353515625
C4,90,1,41.76354065335895,0.0,2773.6123046875
C4,90,2,21.13039529034736,0.0,2783.94091796875
C4,90,3,7.127586106197573,0.0,2807.7353515625
C4,120,1,61.62852987613268,0.0,2773.6123046875
C4,120,2,41.91925937351324,0.0,2783.94091796875
C4,120,3,8.76693163328041,0.0,2807.7353515625
C4,150,1,67.61687672400555,0.0,2773.6123046875
C4,150,2,53.83961935233994,0.0,2783.94091796875
C4,150,3,6.494610422788692,0.0,2807.7353515625
C4,180,1,71.83208107527277,0.0,2773.6123046875
C4,180,2,58.79321825812863,0.0,2783.94091796875
C4,180,3,2.350632541812048,0.0,2807.7353515625
C4,210,1,71.83208107527277,0.0,2773.6123046875
C4,210,2,55.56333676757683,0.0,2783.94091796875
C4,210,3,0.5098587404254836,0.0,2807.7353515625
C4,240,1,71.83208107527277,0.0,2773.6123046875
C4,240,2,55.56333676757683,0.0,2783.94091796875
C4,240,3,0.2178712604234724,0.0,2807.7353515625
C4,270,1,71.83208107527277,0.0,2773.6123046875
C4,270,2,55.56333676757683,0.0,2783.94091796875
C4,270,3,0.1204008736534641,0.0,2807.7353515625
C4,300,1,71.83208107527277,0.0,2773.6123046875
C4,300,2,55.56333676757683,0.0,2783.94091796875
C4,300,3,0.0763008908874456,0.0,2807.7353515625
C4,330,1,71.83208107527277,0.0,2773.6123046875
C4,330,2,55.56333676757683,0.0,2783.94091796875
C4,330,3,0.05266016383516574,0.0,2807.7353515625
C4,360,1,71.83208107527277,0.0,2773.6123046875
C4,360,2,55.56333676757683,0.0,2783.94091796875
C4,360,3,0.03852720462308432,0.0,2807.7353515625
C4,390,1,71.83208107527277,0.0,2773.6123046875
C4,390,2,55.56333676757683,0.0,2783.94091796875
C4,390,3,0.02940887676571339,0.0,2807.7353515625
C4,420,1,71.83208107527277,0.0,2773.6123046875
C4,420,2,55.56333676757683,0.0,2783.94091796875
C4,420,3,0.02318456083723663,0.0,2807.7353515625
C4,450,1,71.83208107527277,0.0,2773.6123046875
C4,450,2,55.56333676757683,0.0,2783.94091796875
C4,450,3,0.01874704438473222,0.0,2807.7353515625
C4,480,1,71.83208107527277,0.0,2773.6123046875
C4,480,2,55.56333676757683,0.0,2783.94091796875
C4,480,3,0.01547225905299786,0.0,2807.7353515625
C4,510,1,71.83208107527277,0.0,2773.6123046875
C4,510,2,55.56333676757683,0.0,2783.94091796875
C4,510,3,0.01298666102427847,0.0,2807.7353515625
C4,540,1,71.83208107527277,0.0,2773.6123046875
C4,540,2,55.56333676757683,0.0,2783.94091796875
C4,540,3,0.01239105758757198,0.0,2807.7353515625
C4,570,1,71.83208107527277,0.0,2773.6123046875
C4,570,2,55.56333676757683,0.0,2783.94091796875
C4,570,3,0.01239105758757198,0.0,2807.7353515625
C4,600,1,71.83208107527277,0.0,2773.6123046875
C4,600,2,55.56333676757683,0.0,2783.94091796875
C4,600,3,0.01239105758757198,0.0,2807.7353515625
C4,630,1,71.83208107527277,0.0,2773.6123046875
C4,630,2,55.56333676757683,0.0,2783.94091796875
C4,630,3,0.01239105758757198,0.0,2807.7353515625
C4,660,1,71.83208107527277,0.0,2773.6123046875
C4,660,2,55.56333676757683,0.0,2783.94091796875
C4,660,3,0.01239105758757198,0.0,2807.7353515625
C4,690,1,71.83208107527277,0.0,2773.6123046875
C4,690,2,55.56333676757683,0.0,2783.94091796875
C4,690,3,0.01239105758757198,0.0,2807.7353515625
C4,720,1,71.83208107527277,0.0,2773.6123046875
C4,720,2,55.56333676757683,0.0,2783.94091796875
C4,720,3,0.01239105758757198,0.0,2807.7353515625
C4,750,1,71.83208107527277,0.0,2773.6123046875
C4,750,2,55.56333676757683,0.0,2783.94091796875
C4,750,3,0.01239105758757198,0.0,2807.7353515625
C4,780,1,71.83208107527277,0.0,2773.6123046875
C4,780,2,55.56333676757683,0.0,2783.94091796875
C4,780,3,0.01239105758757198,0.0,2807.7353515625
C4,810,1,71.83208107527277,0.0,2773.6123046875
C4,810,2,55.56333676757683,0.0,2783.94091796875
C4,810,3,0.01239105758757198,0.0,2807.7353515625
C4,840,1,71.83208107527277,0.0,2773.6123046875
C4,840,2,55.56333676757683,0.0,2783.94091796875
C4,840,3,0.01239105758757198,0.0,2807.7353515625
C4,870,1,71.83208107527277,0.0,2773.6123046875
C4,870,2,55.56333676757683,0.0,2783.94091796875
C4,870,3,0.01239105758757198,0.0,2807.7353515625
C4,900,1,71.83208107527277,0.0,2773.6123046875
C4,900,2,55.56333676757683,0.0,2783.94091796875
C4,900,3,0.01239105758757198,0.0,2807.7353515625
C5,0,1,0.0,0.0,2773.6123046875
C5,0,2,0.0,0.0,2783.94091796875
C5,0,3,0.0,0.0,2807.7353515625
C5,30,1,30.05310442279342,0.0,2773.6123046875
C5,30,2,16.53104487000019,4.0083403552237336,2783.94091796875
C5,30,3,10.9313362715549,3.627782578162734,2807.7353515625
C5,60,1,69.88484130506289,0.0,2773.6123046875
C5,60,2,57.21729541611638,0.0,2783.94091796875
C5,60,3,36.52805845305875,0.0,2807.7353515625
C5,90,1,91.95267239930594,0.0,2773.6123046875
C5,90,2,77.9082103565813,0.0,2783.94091796875
C5,90,3,53.4183346305165,0.0,2807.7353515625
C5,120,1,91.95267239930594,0.0,2773.6123046875
C5,120,2,77.9082103565813,0.0,2783.94091796875
C5,120,3,53.4183346305165,0.0,2807.7353515625
C5,150,1,91.95267239930594,0.0,2773.6123046875
C5,150,2,77.9082103565813,0.0,2783.94091796875
C5,150,3,53.4183346305165,0.0,2807.7353515625
C5,180,1,91.95267239930594,0.0,2773.6123046875
C5,180,2,77.9082103565813,0.0,2783.94091796875
C5,180,3,53.4183346305165,0.0,2807.7353515625
C5,210,1,91.95267239930594,0.0,2773.6123046875
C5,210,2,77.9082103565813,0.0,2783.94091796875
C5,210,3,53.4183346305165,0.0,2807.7353515625
C5,240,1,91.95267239930594,0.0,2773.6123046875
C5,240,2,77.9082103565813,0.0,2783.94091796875
C5,240,3,49.2551030626182,0.0,2807.7353515625
C5,270,1,91.95267239930594,0.0,2773.6123046875
C5,270,2,77.9082103565813,0.0,2783.94091796875
C5,270,3,49.2551030626182,0.0,2807.7353515625
C5,300,1,91.95267239930594,0.0,2773.6123046875
C5,300,2,77.9082103565813,0.0,2783.94091796875
C5,300,3,49.2551030626182,0.0,2807.7353515625
C5,330,1,91.95267239930594,0.0,2773.6123046875
C5,330,2,77.9082103565813,0.0,2783.94091796875
C5,330,3,49.2551030626182,0.0,2807.7353515625
C5,360,1,91.95267239930594,0.0,2773.6123046875
C5,360,2,77.9082103565813,0.0,2783.94091796875
C5,360,3,49.2551030626182,0.0,2807.7353515625
C5,390,1,91.95267239930594,0.0,2773.6123046875
C5,390,2,77.9082103565813,0.0,2783.94091796875
C5,390,3,49.2551030626182,0.0,2807.7353515625
C5,420,1,91.95267239930594,0.0,2773.6123046875
C5,420,2,77.9082103565813,0.0,2783.94091796875
C5,420,3,49.2551030626182,0.0,2807.7353515625
C5,450,1,91.95267239930594,0.0,2773.6123046875
C5,450,2,77.9082103565813,0.0,2783.94091796875
C5,450,3,49.2551030626182,0.0,2807.7353515625
C5,480,1,91.95267239930594,0.0,2773.6123046875
C5,480,2,77.9082103565813,0.0,2783.94091796875
C5,480,3,49.2551030626182,0.0,2807.7353515625
C5,510,1,91.95267239930594,0.0,2773.6123046875
C5,510,2,77.9082103565813,0.0,2783.94091796875
C5,510,3,49.2551030626182,0.0,2807.7353515625
C5,540,1,91.95267239930594,0.0,2773.6123046875
C5,540,2,77.9082103565813,0.0,2783.94091796875
C5,540,3,49.2551030626182,0.0,2807.7353515625
C5,570,1,91.95267239930594,0.0,2773.6123046875
C5,570,2,77.9082103565813,0.0,2783.94091796875
C5,570,3,49.2551030626182,0.0,2807.7353515625
C5,600,1,91.95267239930594,0.0,2773.6123046875
C5,600,2,77.9082103565813,0.0,2783.94091796875
C5,600,3,49.2551030626182,0.0,2807.7353515625
C5,630,1,91.95267239930594,0.0,2773.6123046875
C5,630,2,77.9082103565813,0.0,2783.94091796875
C5,630,3,49.2551030626182,0.0,2807.7353515625
C5,660,1,91.95267239930594,0.0,2773.6123046875
C5,660,2,77.9082103565813,0.0,2783.94091796875
C5,660,3,49.2551030626182,0.0,2807.7353515625
C5,690,1,91.95267239930594,0.0,2773.6123046875
C5,690,2,77.9082103565813,0.0,2783.94091796875
C5,690,3,49.2551030626182,0.0,2807.7353515625
C5,720,1,91.95267239930594,0.0,2773.6123046875
C5,720,2,77.9082103565813,0.0,2783.94091796875
C5,720,3,49.2551030626182,0.0,2807.7353515625
C5,750,1,91.95267239930594,0.0,2773.6123046875
C5,750,2,77.9082103565813,0.0,2783.94091796875
C5,750,3,49.2551030626182,0.0,2807.7353515625
C5,780,1,91.95267239930594,0.0,2773.6123046875
C5,780,2,77.9082103565813,0.0,2783.94091796875
C5,780,3,49.2551030626182,0.0,2807.7353515625
C5,810,1,91.95267239930594,0.0,2773.6123046875
C5,810,2,77.9082103565813,0.0,2783.94091796875
C5,810,3,49.2551030626182,0.0,2807.7353515625
C5,840,1,91.95267239930594,0.0,2773.6123046875
C5,840,2,77.9082103565813,0.0,2783.94091796875
C5,840,3,49.2551030626182,0.0,2807.7353515625
C5,870,1,91.95267239930594,0.0,2773.6123046875
C5,870,2,77.9082103565813,0.0,2783.94091796875
C5,870,3,49.2551030626182,0.0,2807.7353515625
C5,900,1,91.95267239930594,0.0,2773.6123046875
C5,900,2,77.9082103565813,0.0,2783.94091796875
C5,900,3,49.2551030626182,0.0,2807.7353515625
C6,0,1,0.0,0.0,2773.6123046875
C6,0,2,0.0,0.0,2783.94091796875
C6,0,3,0.0,0.0,2807.7353515625
C6,30,1,6.667014223080591,2.9236282474654973,2773.6123046875
C6,30,2,4.515818746229536,3.379530938614067,2783.94091796875
C6,30,3,4.590642175262449,2.6112440312681007,2807.7353515625
C6,60,1,33.78370901876004,0.0,2773.6123046875
C6,60,2,12.49137501607945,1.8681430931850023,2783.94091796875
C6,60,3,6.947518156861972,0.0,2807.7353515625
C6,90,1,59.36588326058426,0.0,2773.6123046875
C6,90,2,43.21392415354554,0.0,2783.94091796875
C6,90,3,12.01209373332454,0.0,2807.7353515625
C6,120,1,78.61687060622153,0.0,2773.6123046875
C6,120,2,65.93880247356311,0.0,2783.94091796875
C6,120,3,31.63768791360611,0.0,2807.7353515625
C6,150,1,91.46591277354116,0.0,2773.6123046875
C6,150,2,80.7594950234403,0.0,2783.94091796875
C6,150,3,48.85231678811471,0.0,2807.7353515625
C6,180,1,83.1200316615675,0.0,2773.6123046875
C6,180,2,61.63844494794351,0.0,2783.94091796875
C6,180,3,52.23756373265695,0.0,2807.7353515625
C6,210,1,83.12003166156745,0.0,2773.6123046875
C6,210,2,61.63844494794351,0.0,2783.94091796875
C6,210,3,52.23756373265695,0.0,2807.7353515625
C6,240,1,83.12003166156745,0.0,2773.6123046875
C6,240,2,61.63844494794351,0.0,2783.94091796875
C6,240,3,52.23756373265695,0.0,2807.7353515625
C6,270,1,83.12003166156745,0.0,2773.6123046875
C6,270,2,61.63844494794351,0.0,2783.94091796875
C6,270,3,52.23756373265695,0.0,2807.7353515625
C6,300,1,83.12003166156745,0.0,2773.6123046875
C6,300,2,61.63844494794351,0.0,2783.94091796875
C6,300,3,52.23756373265695,0.0,2807.7353515625
C6,330,1,83.12003166156745,0.0,2773.6123046875
C6,330,2,61.63844494794351,0.0,2783.94091796875
C6,330,3,52.23756373265695,0.0,2807.7353515625
C6,360,1,83.12003166156745,0.0,2773.6123046875
C6,360,2,61.63844494794351,0.0,2783.94091796875
C6,360,3,52.23756373265695,0.0,2807.7353515625
C6,390,1,83.12003166156745,0.0,2773.6123046875
C6,390,2,61.63844494794351,0.0,2783.94091796875
C6,390,3,52.23756373265695,0.0,2807.7353515625
C6,420,1,83.12003166156745,0.0,2773.6123046875
C6,420,2,61.63844494794351,0.0,2783.94091796875
C6,420,3,52.23756373265695,0.0,2807.7353515625
C6,450,1,83.12003166156745,0.0,2773.6123046875
C6,450,2,61.63844494794351,0.0,2783.94091796875
C6,450,3,52.23756373265695,0.0,2807.7353515625
C6,480,1,83.12003166156745,0.0,2773.6123046875
C6,480,2,61.63844494794351,0.0,2783.94091796875
C6,480,3,52.23756373265695,0.0,2807.7353515625
C6,510,1,83.12003166156745,0.0,2773.6123046875
C6,510,2,61.63844494794351,0.0,2783.94091796875
C6,510,3,52.23756373265695,0.0,2807.7353515625
C6,540,1,83.12003166156745,0.0,2773.6123046875
C6,540,2,61.63844494794351,0.0,2783.94091796875
C6,540,3,52.23756373265695,0.0,2807.7353515625
C6,570,1,83.12003166156745,0.0,2773.6123046875
C6,570,2,61.63844494794351,0.0,2783.94091796875
C6,570,3,52.23756373265695,0.0,2807.7353515625
C6,600,1,83.12003166156745,0.0,2773.6123046875
C6,600,2,61.63844494794351,0.0,2783.94091796875
C6,600,3,52.23756373265695,0.0,2807.7353515625
C6,630,1,83.12003166156745,0.0,2773.6123046875
C6,630,2,61.63844494794351,0.0,2783.94091796875
C6,630,3,52.23756373265695,0.0,2807.7353515625
C6,660,1,83.12003166156745,0.0,2773.6123046875
C6,660,2,61.63844494794351,0.0,2783.94091796875
C6,660,3,52.23756373265695,0.0,2807.7353515625
C6,690,1,83.12003166156745,0.0,2773.6123046875
C6,690,2,61.63844494794351,0.0,2783.94091796875
C6,690,3,52.23756373265695,0.0,2807.7353515625
C6,720,1,83.12003166156745,0.0,2773.6123046875
C6,720,2,61.63844494794351,0.0,2783.94091796875
C6,720,3,52.23756373265695,0.0,2807.7353515625
C6,750,1,83.12003166156745,0.0,2773.6123046875
C6,750,2,61.63844494794351,0.0,2783.94091796875
C6,750,3,52.23756373265695,0.0,2807.7353515625
C6,780,1,83.12003166156745,0.0,2773.6123046875
C6,780,2,61.63844494794351,0.0,2783.94091796875
C6,780,3,52.23756373265695,0.0,2807.7353515625
C6,810,1,83.12003166156745,0.0,2773.6123046875
C6,810,2,61.63844494794351,0.0,2783.94091796875
C6,810,3,52.23756373265695,0.0,2807.7353515625
C6,840,1,83.12003166156745,0.0,2773.6123046875
C6,840,2,61.63844494794351,0.0,2783.94091796875
C6,840,3,52.23756373265695,0.0,2807.7353515625
C6,870,1,83.12003166156745,0.0,2773.6123046875
C6,870,2,61.63844494794351,0.0,2783.94091796875
C6,870,3,52.23756373265695,0.0,2807.7353515625
C6,900,1,83.12003166156745,0.0,2773.6123046875
C6,900,2,61.63844494794351,0.0,2783.94091796875
C6,900,3,52.23756373265695,0.0,2807.7353515625
